species,country,harvest_year,aroma,cupper_points,sweetness,clean_cup,uniformity,balance,body,acidity,aftertaste,flavor,total_cup_points
Arabica,Ethiopia,2014,8.67,8.75,10.0,10.0,10.0,8.42,8.5,8.75,8.67,8.83,90.58
Arabica,Ethiopia,2014,8.75,8.58,10.0,10.0,10.0,8.42,8.42,8.58,8.5,8.67,89.92
Arabica,Ethiopia,2014,8.17,8.67,10.0,10.0,10.0,8.25,8.5,8.42,8.42,8.58,89.0
Arabica,Ethiopia,2014,8.25,8.58,10.0,10.0,10.0,8.33,8.42,8.5,8.25,8.5,88.83
Arabica,Brazil,2013,8.58,8.33,10.0,10.0,10.0,8.33,8.25,8.5,8.42,8.42,88.83
Arabica,Peru,2012,8.42,8.5,10.0,10.0,10.0,8.25,8.25,8.5,8.33,8.5,88.75
Arabica,Ethiopia,2010,8.67,8.67,9.33,10.0,9.33,8.42,8.33,8.42,8.58,8.67,88.42
Arabica,Ethiopia,2014,8.08,8.5,10.0,10.0,10.0,8.42,7.67,8.5,8.5,8.58,88.25
Arabica,Ethiopia,2014,8.17,8.58,10.0,10.0,10.0,8.17,7.75,8.5,8.25,8.67,88.08
Arabica,United States,2014,8.25,8.5,10.0,10.0,10.0,8.17,8.08,8.33,8.17,8.42,87.92
Arabica,United States,2014,8.08,8.33,10.0,10.0,10.0,8.08,8.0,8.42,8.33,8.67,87.92
Arabica,United States (Hawaii),2010,8.33,8.58,10.0,10.0,10.0,8.0,8.25,8.25,8.08,8.42,87.92
Arabica,Ethiopia,2010,8.25,8.5,9.33,10.0,9.33,8.75,8.58,8.25,8.5,8.33,87.83
Arabica,United States,2014,8.0,8.17,10.0,10.0,10.0,8.0,8.17,8.17,8.58,8.5,87.58
Arabica,Ethiopia,2010,8.17,8.83,9.33,10.0,9.33,8.33,8.42,8.33,8.25,8.33,87.33
Arabica,China,2015,8.42,8.42,10.0,10.0,10.0,8.0,7.92,8.17,8.08,8.25,87.25
Arabica,Ethiopia,2014,8.17,8.33,10.0,10.0,10.0,8.33,8.08,8.17,8.0,8.17,87.25
Arabica,United States,2014,8.0,8.17,10.0,10.0,10.0,8.0,8.25,8.5,8.08,8.25,87.25
Arabica,Costa Rica,2014,8.08,8.33,10.0,10.0,10.0,8.33,8.0,8.17,8.0,8.25,87.17
Arabica,Mexico,2012,8.17,8.58,10.0,10.0,10.0,8.17,7.83,8.0,8.17,8.25,87.17
Arabica,United States,2014,8.25,8.17,10.0,10.0,10.0,8.17,7.83,8.17,8.17,8.33,87.08
Arabica,Ethiopia,2013,8.42,8.08,10.0,10.0,10.0,8.0,8.33,8.17,7.92,8.17,87.08
Arabica,Brazil,2011,8.5,7.92,10.0,10.0,10.0,8.0,8.0,8.0,8.0,8.5,86.92
Arabica,Ethiopia,2010,7.83,8.25,10.0,10.0,10.0,8.17,8.17,8.17,8.08,8.25,86.92
Arabica,Uganda,2013,8.42,8.17,10.0,10.0,10.0,7.92,7.83,8.17,8.17,8.17,86.83
Arabica,Honduras,2016,8.17,8.25,10.0,10.0,10.0,8.0,8.08,8.0,8.08,8.08,86.67
Arabica,Taiwan,2015,8.0,8.17,10.0,10.0,10.0,8.17,8.0,8.25,8.0,8.0,86.58
Arabica,Tanzania,2012,8.42,8.17,10.0,10.0,10.0,8.0,7.58,8.0,8.17,8.17,86.5
Arabica,Brazil,2011,8.5,8.0,10.0,10.0,10.0,8.0,8.0,7.75,8.0,8.17,86.42
Arabica,Costa Rica,2016,8.17,8.42,10.0,10.0,10.0,8.0,7.83,8.08,8.0,7.83,86.33
Arabica,Ethiopia,2014,8.0,8.08,10.0,10.0,10.0,8.08,8.08,8.0,7.92,8.08,86.25
Arabica,Kenya,2013,8.08,8.08,10.0,10.0,10.0,7.92,7.92,8.25,8.0,8.0,86.25
Arabica,United States (Hawaii),2012,8.08,8.33,10.0,10.0,10.0,7.83,7.92,7.92,8.0,8.17,86.25
Arabica,United States (Hawaii),2010,8.25,8.25,10.0,10.0,10.0,7.83,7.67,7.75,8.08,8.42,86.25
Arabica,Ethiopia,2010,7.92,8.17,10.0,10.0,10.0,8.17,8.08,8.08,8.08,7.75,86.25
Arabica,United States,2014,7.67,8.08,10.0,10.0,10.0,8.08,8.17,8.0,8.0,8.17,86.17
Arabica,Thailand,2012,7.83,8.42,10.0,10.0,10.0,7.92,7.58,8.25,7.83,8.33,86.17
Arabica,Brazil,2010,8.17,8.08,10.0,10.0,10.0,8.0,8.33,7.75,7.92,7.92,86.17
Arabica,Brazil,2010,8.42,8.17,10.0,10.0,10.0,8.0,7.92,7.75,8.0,7.92,86.17
Arabica,Taiwan,2015,8.08,8.42,10.0,10.0,10.0,7.83,7.75,8.08,7.75,8.17,86.08
Arabica,Kenya,2014,8.08,8.0,10.0,10.0,10.0,8.08,7.83,8.0,8.0,8.08,86.08
Arabica,Brazil,2011,8.33,8.0,10.0,10.0,10.0,8.0,7.75,8.0,8.0,8.0,86.08
Arabica,Uganda,2014,8.08,8.08,10.0,10.0,10.0,7.92,8.08,7.92,7.83,8.08,86.0
Arabica,Colombia,2013,7.75,8.17,10.0,10.0,10.0,8.17,8.08,8.08,7.83,7.92,86.0
Arabica,Kenya,2013,7.92,8.17,10.0,10.0,10.0,7.92,7.5,8.5,7.83,8.17,86.0
Arabica,Uganda,2012,8.25,7.92,10.0,10.0,10.0,7.92,8.0,8.08,7.83,8.0,86.0
Arabica,Ethiopia,2010,7.75,7.92,10.0,10.0,10.0,8.0,8.0,8.25,8.0,8.08,86.0
Arabica,Guatemala,2016,7.92,8.0,10.0,10.0,10.0,7.83,8.08,8.08,7.92,8.08,85.92
Arabica,Uganda,2013,8.17,8.0,10.0,10.0,10.0,7.75,7.83,8.08,7.92,8.17,85.92
Arabica,Colombia,2013,8.0,7.92,10.0,10.0,10.0,8.0,7.83,8.17,8.0,8.0,85.92
Arabica,Panama,2017,8.0,8.0,10.0,10.0,10.0,8.0,7.83,8.08,7.92,8.0,85.83
Arabica,Ethiopia,2014,7.83,8.0,10.0,10.0,10.0,7.92,8.0,8.08,7.92,8.08,85.83
Arabica,Guatemala,2012,7.83,8.0,10.0,10.0,10.0,8.0,7.83,8.17,8.0,8.0,85.83
Arabica,Guatemala,2012,8.0,8.0,10.0,10.0,10.0,7.83,7.83,8.33,7.83,8.0,85.83
Arabica,Ethiopia,2017,7.83,8.0,10.0,10.0,10.0,8.0,7.92,8.17,7.83,8.0,85.75
Arabica,Peru,2013,8.0,8.0,10.0,10.0,10.0,7.75,7.92,8.08,8.0,8.0,85.75
Arabica,Papua New Guinea,2012,8.33,7.92,10.0,9.33,9.33,8.25,8.0,8.33,7.83,8.42,85.75
Arabica,El Salvador,2013,7.92,8.0,10.0,10.0,10.0,7.83,7.75,7.92,8.0,8.17,85.58
Arabica,El Salvador,2012,7.83,7.92,10.0,10.0,10.0,8.17,7.92,7.75,8.0,8.0,85.58
Arabica,United States (Hawaii),2012,7.83,8.0,10.0,10.0,10.0,8.0,8.08,7.75,7.92,8.0,85.58
Arabica,Panama,2014,8.0,7.83,10.0,10.0,10.0,8.58,7.67,7.83,7.83,7.75,85.5
Arabica,Kenya,2014,7.92,8.0,10.0,10.0,10.0,7.92,7.83,8.08,7.83,7.92,85.5
Arabica,Ethiopia,2015,7.83,8.0,10.0,10.0,10.0,8.08,7.83,7.92,7.83,8.0,85.5
Arabica,Uganda,2013,8.33,8.08,10.0,10.0,10.0,7.92,7.67,7.92,7.67,7.92,85.5
Arabica,Guatemala,2013,8.0,7.83,10.0,10.0,10.0,8.0,7.83,8.33,7.67,7.83,85.5
Arabica,Ethiopia,2015,7.75,8.08,10.0,10.0,10.0,7.83,7.92,8.17,7.83,7.83,85.42
Arabica,Uganda,2013,8.08,8.0,10.0,10.0,10.0,7.83,8.0,7.67,7.83,8.0,85.42
Arabica,United States (Hawaii),2012,7.92,8.25,10.0,10.0,10.0,7.92,7.75,7.92,7.75,7.92,85.42
Arabica,Brazil,2011,8.0,8.0,10.0,10.0,10.0,8.0,7.75,7.67,8.0,8.0,85.42
Arabica,El Salvador,2010,8.08,7.92,10.0,10.0,10.0,7.83,7.83,8.08,7.83,7.83,85.42
Arabica,China,2015,8.0,7.92,10.0,10.0,10.0,7.75,7.83,7.83,8.0,8.0,85.33
Arabica,Guatemala,2014,7.83,7.83,10.0,10.0,10.0,8.58,7.83,7.67,7.83,7.75,85.33
Arabica,Costa Rica,2014,7.92,8.0,9.33,10.0,10.0,8.08,8.0,7.92,8.0,8.08,85.33
Arabica,Costa Rica,2014,8.0,7.92,10.0,10.0,10.0,8.5,8.08,7.67,7.58,7.58,85.33
Arabica,Kenya,2012,7.83,7.92,10.0,10.0,10.0,7.75,7.92,8.08,7.75,8.08,85.33
Arabica,Kenya,2012,8.0,7.83,10.0,10.0,10.0,7.75,7.83,8.08,7.92,7.92,85.33
Arabica,Ethiopia,2010,7.83,8.08,10.0,10.0,10.0,7.83,7.75,8.08,7.92,7.83,85.33
Arabica,Ethiopia,2010,7.92,8.0,10.0,10.0,10.0,7.75,7.75,8.33,7.75,7.83,85.33
Arabica,Guatemala,2016,8.0,7.83,10.0,10.0,10.0,7.83,7.92,8.0,7.75,7.92,85.25
Arabica,Colombia,2015,8.17,7.92,10.0,10.0,10.0,7.83,7.58,8.0,7.83,7.92,85.25
Arabica,Colombia,2014,7.58,7.92,10.0,10.0,10.0,7.92,8.0,7.83,7.92,8.08,85.25
Arabica,Indonesia,2012,7.75,8.0,10.0,10.0,10.0,7.83,8.08,8.0,7.67,7.83,85.17
Arabica,Guatemala,2012,8.25,7.92,10.0,10.0,10.0,7.67,7.75,7.92,7.67,8.0,85.17
Arabica,Ethiopia,2016,7.75,7.83,10.0,10.0,10.0,7.92,8.0,8.0,7.58,8.0,85.08
Arabica,Colombia,2015,8.17,7.67,10.0,10.0,10.0,7.75,8.0,8.08,7.58,7.83,85.08
Arabica,Ethiopia,2014,8.42,8.08,10.0,10.0,9.33,7.92,7.92,8.0,7.42,8.0,85.08
Arabica,United States (Hawaii),2014,7.58,7.92,10.0,10.0,10.0,8.17,7.83,7.92,7.83,7.83,85.08
Arabica,Colombia,2012,7.83,8.08,10.0,10.0,10.0,7.83,7.83,7.75,7.75,8.0,85.08
Arabica,United States (Hawaii),2011,8.08,8.17,10.0,9.33,9.33,8.0,8.08,8.0,7.92,8.17,85.08
Arabica,Ethiopia,2010,7.67,7.83,10.0,10.0,10.0,7.83,7.92,8.0,7.83,8.0,85.08
Arabica,Uganda,2016,8.17,8.0,10.0,10.0,10.0,7.75,7.67,7.75,7.75,7.92,85.0
Arabica,Colombia,2016,8.0,7.83,10.0,10.0,10.0,7.83,7.75,7.92,7.75,7.92,85.0
Arabica,Costa Rica,2016,7.83,7.92,10.0,10.0,10.0,7.83,7.92,7.92,7.58,8.0,85.0
Arabica,Mexico,2015,7.83,8.08,10.0,10.0,10.0,7.83,7.67,7.75,7.83,8.0,85.0
Arabica,Kenya,2015,8.17,7.83,10.0,10.0,10.0,7.83,7.67,7.75,7.92,7.83,85.0
Arabica,Kenya,2012,7.75,7.83,10.0,10.0,10.0,7.75,8.0,8.08,7.75,7.83,85.0
Arabica,Brazil,2012,8.0,8.0,10.0,10.0,10.0,7.67,7.67,7.83,7.83,8.0,85.0
Arabica,Mexico,2011,7.92,7.83,10.0,10.0,10.0,7.83,7.42,8.08,7.75,8.17,85.0
Arabica,Guatemala,2010,7.83,8.0,10.0,10.0,10.0,7.67,7.75,8.0,7.67,8.08,85.0
Arabica,Colombia,2016,7.92,7.83,10.0,10.0,10.0,7.83,7.92,7.83,7.67,7.92,84.92
Arabica,Colombia,2015,7.92,7.83,10.0,10.0,10.0,8.0,7.75,7.83,7.75,7.83,84.92
Arabica,Taiwan,2015,7.67,7.92,10.0,10.0,10.0,7.92,8.0,7.58,8.0,7.83,84.92
Arabica,Tanzania,2014,8.0,7.83,10.0,10.0,10.0,7.75,7.75,7.92,7.83,7.83,84.92
Arabica,Colombia,2012,7.75,7.92,10.0,10.0,10.0,8.0,7.75,7.75,7.83,7.92,84.92
Arabica,Mexico,2012,7.75,8.17,10.0,10.0,10.0,7.92,7.5,7.83,7.75,8.0,84.92
Arabica,Brazil,2011,8.0,7.75,10.0,10.0,10.0,7.75,8.0,7.75,7.75,7.92,84.92
Arabica,Brazil,2011,8.0,7.92,10.0,10.0,10.0,7.75,7.5,8.0,7.75,8.0,84.92
Arabica,Kenya,2010,8.0,7.58,10.0,10.0,10.0,7.75,7.92,8.17,7.83,7.67,84.92
Arabica,Taiwan,2016,7.92,8.0,10.0,10.0,10.0,7.83,7.83,7.83,7.83,7.58,84.83
Arabica,Uganda,2013,7.75,7.83,10.0,10.0,10.0,7.75,8.25,7.67,7.67,7.92,84.83
Arabica,United States (Hawaii),2012,7.67,8.08,10.0,10.0,10.0,8.0,7.83,7.75,7.75,7.75,84.83
Arabica,Ethiopia,2010,7.75,8.0,10.0,10.0,10.0,7.67,7.75,7.92,7.83,7.92,84.83
Arabica,Ethiopia,2010,7.42,7.92,10.0,10.0,10.0,7.83,7.83,8.0,7.92,7.92,84.83
Arabica,Thailand,2015,7.75,8.0,10.0,10.0,10.0,7.75,8.0,7.75,7.75,7.75,84.75
Arabica,Kenya,2014,7.92,7.92,10.0,10.0,10.0,7.83,7.75,7.92,7.58,7.83,84.75
Arabica,Honduras,2014,7.83,8.17,10.0,10.0,10.0,7.67,7.67,7.67,8.0,7.75,84.75
Arabica,El Salvador,2011,7.75,7.75,9.33,10.0,10.0,7.92,7.67,8.33,8.0,8.0,84.75
Arabica,Nicaragua,2010,7.83,8.5,10.0,10.0,10.0,7.67,7.75,7.83,7.58,7.58,84.75
Arabica,El Salvador,2016,7.83,8.0,10.0,10.0,10.0,7.67,7.83,8.0,7.5,7.83,84.67
Arabica,Indonesia,2016,7.92,7.92,10.0,10.0,10.0,7.75,7.75,7.75,7.75,7.83,84.67
Arabica,Costa Rica,2015,8.08,7.92,10.0,10.0,10.0,7.92,7.5,7.83,7.67,7.75,84.67
Arabica,Guatemala,2015,7.75,7.83,10.0,10.0,10.0,7.75,7.92,8.0,7.58,7.83,84.67
Arabica,Costa Rica,2014,8.17,7.92,10.0,10.0,10.0,7.75,7.83,7.17,7.83,8.0,84.67
Arabica,Ethiopia,2014,8.08,7.92,10.0,10.0,10.0,7.67,7.58,7.83,7.75,7.83,84.67
Arabica,Costa Rica,2014,7.67,7.67,10.0,10.0,10.0,8.58,7.67,7.75,7.75,7.58,84.67
Arabica,Costa Rica,2014,8.0,8.0,10.0,10.0,10.0,7.75,7.75,7.75,7.83,7.58,84.67
Arabica,Costa Rica,2012,8.08,7.92,9.33,10.0,10.0,8.0,7.92,7.83,7.75,7.83,84.67
Arabica,Taiwan,2013,8.0,7.75,10.0,10.0,10.0,7.75,7.75,7.75,7.75,7.92,84.67
Arabica,Colombia,2013,7.75,7.92,10.0,10.0,10.0,7.83,7.75,7.83,7.75,7.83,84.67
Arabica,Kenya,2012,7.75,7.83,10.0,10.0,10.0,7.75,7.58,8.0,7.83,7.92,84.67
Arabica,Guatemala,2012,8.0,7.67,10.0,10.0,10.0,8.0,7.67,7.83,7.67,7.83,84.67
Arabica,Guatemala,2012,7.67,8.0,10.0,10.0,10.0,7.83,7.67,8.0,7.67,7.83,84.67
Arabica,Mexico,2012,7.83,7.92,10.0,10.0,10.0,7.83,7.92,7.92,7.67,7.58,84.67
Arabica,Uganda,2012,7.92,7.83,10.0,10.0,10.0,7.75,7.67,7.92,7.75,7.83,84.67
Arabica,Ethiopia,2010,7.42,7.83,10.0,10.0,10.0,7.92,8.0,8.0,7.75,7.75,84.67
Arabica,Colombia,2016,7.83,8.08,10.0,10.0,10.0,7.83,7.67,7.92,7.58,7.67,84.58
Arabica,Colombia,2016,7.92,7.75,10.0,10.0,10.0,7.67,7.83,8.0,7.58,7.83,84.58
Arabica,Kenya,2013,7.83,7.92,10.0,10.0,10.0,7.83,7.58,7.75,7.83,7.83,84.58
Arabica,Guatemala,2014,7.75,7.83,10.0,10.0,10.0,7.83,7.75,7.92,7.67,7.83,84.58
Arabica,Guatemala,2014,8.0,8.17,10.0,10.0,10.0,7.67,7.58,7.58,7.67,7.92,84.58
Arabica,Colombia,2013,7.67,7.83,10.0,10.0,10.0,8.5,7.58,7.75,7.58,7.67,84.58
Arabica,Colombia,2013,7.75,7.92,10.0,10.0,10.0,8.0,7.58,7.75,7.83,7.75,84.58
Arabica,Kenya,2013,7.75,7.75,10.0,10.0,10.0,7.75,7.75,8.08,7.75,7.75,84.58
Arabica,Colombia,2012,7.67,7.75,10.0,10.0,10.0,7.92,7.58,8.0,7.83,7.83,84.58
Arabica,Costa Rica,2012,7.75,7.75,10.0,10.0,10.0,7.67,7.83,8.0,7.75,7.83,84.58
Arabica,Colombia,2012,7.42,8.08,10.0,10.0,10.0,7.83,8.08,7.75,7.75,7.67,84.58
Arabica,Brazil,2011,8.0,7.75,10.0,10.0,10.0,7.75,7.58,7.75,7.75,8.0,84.58
Arabica,Brazil,2011,8.5,7.5,10.0,10.0,10.0,7.83,7.5,7.75,7.5,8.0,84.58
Arabica,Costa Rica,2017,7.92,8.0,10.0,10.0,10.0,7.58,7.67,7.75,7.92,7.67,84.5
Arabica,Uganda,2016,7.92,7.83,10.0,10.0,10.0,7.75,7.83,7.75,7.67,7.75,84.5
Arabica,China,2015,7.75,7.92,10.0,10.0,10.0,7.67,7.75,7.83,7.67,7.92,84.5
Arabica,Costa Rica,2014,7.92,7.92,10.0,10.0,10.0,7.58,7.58,7.83,7.83,7.83,84.5
Arabica,Colombia,2016,8.08,7.75,10.0,10.0,10.0,7.67,7.67,7.83,7.83,7.67,84.5
Arabica,China,2013,7.67,7.92,10.0,10.0,10.0,7.58,7.75,7.83,7.75,8.0,84.5
Arabica,Guatemala,2013,8.17,7.5,10.0,10.0,10.0,7.83,7.67,7.83,7.67,7.83,84.5
Arabica,Kenya,2012,7.92,7.67,10.0,10.0,10.0,7.75,7.67,8.0,7.67,7.83,84.5
Arabica,Mexico,2012,8.0,7.92,10.0,10.0,10.0,7.67,7.5,8.08,7.42,7.92,84.5
Arabica,Mexico,2012,7.92,7.67,10.0,10.0,10.0,7.83,7.75,7.75,7.75,7.83,84.5
Arabica,Guatemala,2012,7.67,7.83,10.0,10.0,10.0,7.83,7.5,8.0,7.67,8.0,84.5
Arabica,Costa Rica,2016,7.58,7.92,10.0,10.0,10.0,7.58,7.67,8.0,7.83,7.83,84.42
Arabica,Indonesia,2017,7.67,8.0,10.0,10.0,10.0,7.83,7.83,7.58,7.83,7.67,84.42
Arabica,Colombia,2016,7.92,7.67,10.0,10.0,10.0,7.67,7.92,7.67,7.75,7.83,84.42
Arabica,Colombia,2014,7.92,7.75,10.0,10.0,10.0,7.75,7.67,7.92,7.67,7.75,84.42
Arabica,Taiwan,2012,7.83,7.75,10.0,10.0,10.0,7.75,7.5,8.0,7.75,7.83,84.42
Arabica,United States (Hawaii),2012,7.92,7.83,10.0,10.0,10.0,7.92,7.5,7.83,7.5,7.92,84.42
Arabica,Mexico,2012,7.75,7.83,10.0,10.0,10.0,7.67,7.83,7.67,7.75,7.92,84.42
Arabica,Ethiopia,2010,7.5,7.75,10.0,10.0,10.0,7.75,7.92,7.92,7.83,7.75,84.42
Arabica,Kenya,2017,7.33,8.17,10.0,10.0,10.0,7.92,7.75,7.75,7.83,7.58,84.33
Arabica,Honduras,2016,7.92,7.58,10.0,10.0,10.0,7.75,7.67,7.67,7.75,8.0,84.33
Arabica,Colombia,2016,7.58,7.5,10.0,10.0,10.0,8.5,7.67,7.83,7.5,7.75,84.33
Arabica,Honduras,2016,7.58,7.83,10.0,10.0,10.0,7.75,7.92,7.75,7.58,7.92,84.33
Arabica,Colombia,2016,7.67,7.83,10.0,10.0,10.0,7.83,7.75,7.83,7.75,7.67,84.33
Arabica,Colombia,2015,7.75,7.33,10.0,10.0,10.0,7.83,8.08,7.67,8.0,7.67,84.33
Arabica,Colombia,2013,7.75,8.17,10.0,10.0,10.0,8.08,7.58,7.83,7.33,7.58,84.33
Arabica,Mexico,2012,8.0,7.83,10.0,10.0,10.0,7.67,7.5,7.83,7.75,7.75,84.33
Arabica,Brazil,2011,8.17,7.75,10.0,10.0,10.0,7.67,7.5,7.75,7.5,8.0,84.33
Arabica,Brazil,2011,8.0,7.92,10.0,10.0,10.0,7.75,7.67,7.5,7.5,8.0,84.33
Arabica,Guatemala,2010,7.5,7.92,10.0,10.0,10.0,7.92,7.92,7.67,7.75,7.67,84.33
Arabica,Taiwan,2016,7.92,7.67,10.0,10.0,10.0,7.83,7.67,7.67,7.75,7.75,84.25
Arabica,Thailand,2015,7.83,8.0,10.0,10.0,10.0,7.67,7.83,7.42,7.75,7.75,84.25
Arabica,Colombia,2016,7.83,7.83,10.0,10.0,10.0,8.0,7.67,7.58,7.75,7.58,84.25
Arabica,Guatemala,2016,7.75,7.75,10.0,10.0,10.0,7.75,7.75,7.92,7.58,7.75,84.25
Arabica,Guatemala,2015,7.75,7.75,10.0,10.0,10.0,7.67,7.58,8.08,7.5,7.92,84.25
Arabica,China,2015,7.83,7.75,10.0,10.0,10.0,7.75,7.75,7.75,7.58,7.83,84.25
Arabica,Colombia,2015,7.67,7.83,10.0,10.0,10.0,7.92,7.67,7.75,7.75,7.67,84.25
Arabica,Colombia,2015,7.83,7.75,10.0,10.0,10.0,7.75,7.92,7.58,7.75,7.67,84.25
Arabica,Colombia,2016,7.83,7.83,10.0,10.0,10.0,7.75,7.67,7.58,7.83,7.75,84.25
Arabica,Colombia,2015,7.42,7.83,10.0,10.0,10.0,7.83,7.92,7.75,7.83,7.67,84.25
Arabica,Tanzania,2014,7.83,7.83,10.0,10.0,10.0,7.67,7.67,7.83,7.75,7.67,84.25
Arabica,Tanzania,2014,7.83,7.75,10.0,10.0,10.0,7.75,7.67,7.75,7.75,7.75,84.25
Arabica,Guatemala,2014,7.83,7.83,10.0,10.0,10.0,7.75,7.58,7.92,7.5,7.83,84.25
Arabica,Colombia,2013,7.58,7.83,10.0,10.0,10.0,7.83,7.92,7.83,7.75,7.5,84.25
Arabica,United States (Hawaii),2012,7.33,7.83,9.33,10.0,10.0,8.08,7.92,7.92,7.92,7.92,84.25
Arabica,Mexico,2012,7.83,7.75,10.0,10.0,10.0,7.75,7.5,7.83,7.67,7.92,84.25
Arabica,Mexico,2012,7.83,7.75,10.0,10.0,10.0,7.58,7.83,7.67,7.75,7.83,84.25
Arabica,Mexico,2012,7.83,7.83,10.0,10.0,10.0,7.75,7.5,7.75,7.67,7.92,84.25
Arabica,Uganda,2012,8.17,7.67,10.0,10.0,10.0,7.58,7.83,7.67,7.58,7.75,84.25
Arabica,Guatemala,2017,7.75,7.75,10.0,10.0,10.0,7.75,7.67,7.83,7.58,7.83,84.17
Arabica,Colombia,2016,7.83,7.75,10.0,10.0,10.0,7.83,7.75,7.67,7.58,7.75,84.17
Arabica,Costa Rica,2016,7.92,8.0,10.0,10.0,10.0,7.67,7.5,7.67,7.67,7.75,84.17
Arabica,Guatemala,2016,7.75,7.58,10.0,10.0,10.0,7.83,7.67,8.0,7.58,7.75,84.17
Arabica,Guatemala,2016,7.75,7.67,10.0,10.0,10.0,7.67,7.67,7.92,7.58,7.92,84.17
Arabica,Guatemala,2016,7.58,7.83,10.0,10.0,10.0,7.67,7.83,7.83,7.58,7.83,84.17
Arabica,Colombia,2015,8.0,7.67,10.0,10.0,10.0,7.83,8.0,7.67,7.5,7.5,84.17
Arabica,Nicaragua,2015,7.67,7.83,10.0,10.0,10.0,7.83,7.67,7.5,7.83,7.83,84.17
Arabica,Brazil,2015,7.67,7.75,10.0,10.0,10.0,7.75,7.83,7.67,7.75,7.75,84.17
Arabica,Costa Rica,2014,7.67,7.83,10.0,10.0,10.0,8.0,7.5,7.75,7.67,7.75,84.17
Arabica,Ethiopia,2014,7.5,7.75,10.0,10.0,10.0,7.83,7.75,7.83,7.58,7.92,84.17
Arabica,Tanzania,2014,7.92,7.67,10.0,10.0,10.0,7.58,7.75,7.75,7.75,7.75,84.17
Arabica,Colombia,2015,7.67,7.5,10.0,10.0,10.0,8.58,7.83,7.42,7.67,7.5,84.17
Arabica,Guatemala,2013,7.67,7.83,10.0,10.0,10.0,7.75,7.75,7.75,7.67,7.75,84.17
Arabica,Kenya,2013,7.58,7.75,10.0,10.0,10.0,7.83,7.75,7.75,7.75,7.75,84.17
Arabica,Brazil,2012,7.58,7.67,10.0,10.0,10.0,8.0,7.67,7.67,7.75,7.83,84.17
Arabica,Guatemala,2013,7.92,7.42,10.0,10.0,10.0,7.92,7.83,7.67,7.67,7.75,84.17
Arabica,El Salvador,2013,8.42,7.92,10.0,10.0,9.33,8.17,7.58,7.17,7.5,8.08,84.17
Arabica,Colombia,2012,7.75,7.58,10.0,10.0,10.0,7.75,7.83,7.75,7.75,7.75,84.17
Arabica,Guatemala,2012,7.83,7.67,10.0,10.0,10.0,7.83,7.83,8.0,7.5,7.5,84.17
Arabica,Uganda,2012,7.83,7.67,10.0,10.0,10.0,7.75,7.83,7.83,7.5,7.75,84.17
Arabica,Indonesia,2017,7.81,7.75,10.0,10.0,10.0,7.75,7.63,7.75,7.56,7.88,84.13
Arabica,Colombia,2017,7.83,7.5,10.0,10.0,10.0,8.5,7.83,7.5,7.42,7.5,84.08
Arabica,Taiwan,2016,7.58,7.92,10.0,10.0,10.0,7.83,7.75,7.67,7.67,7.67,84.08
Arabica,Guatemala,2016,8.0,7.67,10.0,10.0,10.0,7.67,7.92,7.58,7.5,7.75,84.08
Arabica,Colombia,2014,7.92,7.67,10.0,10.0,10.0,7.67,7.67,7.75,7.67,7.75,84.08
Arabica,Guatemala,2014,7.58,7.67,10.0,10.0,10.0,7.67,7.75,8.0,7.67,7.75,84.08
Arabica,United States (Hawaii),2012,7.83,8.0,10.0,10.0,9.33,8.08,7.42,7.83,7.83,7.75,84.08
Arabica,Mexico,2012,7.67,7.83,10.0,10.0,10.0,7.75,7.67,7.75,7.67,7.75,84.08
Arabica,Ethiopia,2012,7.92,7.92,8.67,10.0,10.0,7.92,7.92,8.0,7.83,7.92,84.08
Arabica,Costa Rica,2017,7.58,7.67,10.0,10.0,10.0,7.75,7.83,7.75,7.67,7.75,84.0
Arabica,Ethiopia,2017,7.83,7.92,10.0,10.0,10.0,7.75,7.33,7.75,7.67,7.75,84.0
Arabica,Honduras,2017,7.42,7.75,10.0,10.0,10.0,7.58,7.75,7.92,7.75,7.83,84.0
Arabica,Guatemala,2015,7.67,7.58,10.0,10.0,10.0,7.67,7.75,7.92,7.58,7.83,84.0
Arabica,Colombia,2015,7.67,7.83,10.0,10.0,10.0,7.83,7.58,7.58,7.83,7.67,84.0
Arabica,Guatemala,2014,7.92,7.5,10.0,10.0,10.0,7.83,7.75,7.92,7.42,7.67,84.0
Arabica,Guatemala,2014,7.75,7.83,10.0,10.0,10.0,7.67,7.58,7.83,7.5,7.83,84.0
Arabica,Colombia,2014,7.67,7.83,10.0,10.0,10.0,7.75,7.67,7.67,7.67,7.75,84.0
Arabica,Colombia,2014,7.58,7.67,10.0,10.0,10.0,7.92,7.75,7.92,7.75,7.42,84.0
Arabica,Colombia,2014,7.67,8.33,10.0,10.0,10.0,7.67,7.67,7.5,7.5,7.67,84.0
Arabica,Ethiopia,2013,7.75,7.83,10.0,10.0,10.0,7.92,7.67,7.58,7.5,7.75,84.0
Arabica,Brazil,2013,7.58,7.92,10.0,10.0,10.0,7.75,8.0,7.25,7.67,7.83,84.0
Arabica,Colombia,2013,7.67,7.67,10.0,10.0,10.0,7.75,7.67,7.75,7.67,7.83,84.0
Arabica,Kenya,2012,7.67,7.67,10.0,10.0,10.0,7.67,7.92,7.75,7.5,7.83,84.0
Arabica,Thailand,2012,7.92,8.42,9.33,8.67,8.67,8.17,8.08,8.42,8.17,8.17,84.0
Arabica,Kenya,2012,7.67,7.67,10.0,10.0,10.0,7.67,7.83,7.75,7.67,7.75,84.0
Arabica,Uganda,2012,7.92,7.58,10.0,10.0,10.0,7.83,7.67,7.67,7.58,7.75,84.0
Arabica,Thailand,2011,7.58,8.0,10.0,10.0,10.0,7.75,7.58,7.75,7.58,7.75,84.0
Arabica,Brazil,2017,7.5,8.5,10.0,10.0,10.0,7.5,7.58,7.5,7.58,7.75,83.92
Arabica,Mexico,2017,7.83,7.83,10.0,10.0,10.0,7.5,7.42,7.92,7.58,7.83,83.92
Arabica,Thailand,2015,7.67,7.83,10.0,10.0,10.0,7.83,7.67,7.67,7.5,7.75,83.92
Arabica,Brazil,2016,7.58,7.83,10.0,10.0,10.0,7.83,7.58,7.75,7.67,7.67,83.92
Arabica,Taiwan,2015,7.83,7.83,10.0,10.0,9.33,7.75,7.83,7.75,7.83,7.75,83.92
Arabica,Colombia,2016,7.75,7.67,10.0,10.0,10.0,7.75,7.83,7.75,7.5,7.67,83.92
Arabica,Colombia,2016,7.75,7.58,10.0,10.0,10.0,7.92,7.75,7.83,7.5,7.58,83.92
Arabica,Taiwan,2014,7.75,7.67,10.0,10.0,10.0,7.67,7.75,7.75,7.58,7.75,83.92
Arabica,Colombia,2015,7.92,7.75,10.0,10.0,10.0,7.67,7.58,7.83,7.5,7.67,83.92
Arabica,Colombia,2014,7.83,7.67,10.0,10.0,10.0,7.75,7.75,7.58,7.58,7.75,83.92
Arabica,Colombia,2014,7.75,7.58,10.0,10.0,10.0,7.67,7.83,7.83,7.67,7.58,83.92
Arabica,Taiwan,2014,8.0,7.17,10.0,10.0,10.0,7.33,7.67,7.92,7.92,7.92,83.92
Arabica,Colombia,2014,7.67,7.5,10.0,10.0,10.0,7.83,7.67,7.75,7.67,7.83,83.92
Arabica,Mexico,2012,7.67,7.67,10.0,10.0,10.0,7.83,7.75,7.67,7.58,7.75,83.92
Arabica,Mexico,2012,7.5,7.83,10.0,10.0,10.0,7.75,7.75,7.83,7.58,7.67,83.92
Arabica,Mexico,2012,7.75,7.75,10.0,10.0,9.33,7.67,7.75,7.92,7.83,7.92,83.92
Arabica,Colombia,2017,7.92,7.75,10.0,10.0,10.0,7.67,7.58,7.83,7.5,7.58,83.83
Arabica,Colombia,2016,7.83,7.58,10.0,10.0,10.0,7.75,7.75,7.75,7.5,7.67,83.83
Arabica,Costa Rica,2015,7.67,7.83,10.0,10.0,10.0,7.75,7.5,7.67,7.75,7.67,83.83
Arabica,Guatemala,2016,7.75,7.67,10.0,10.0,10.0,7.58,7.83,7.75,7.5,7.75,83.83
Arabica,Taiwan,2016,7.75,7.75,10.0,10.0,10.0,7.67,7.75,7.75,7.5,7.67,83.83
Arabica,Brazil,2016,7.25,8.0,10.0,10.0,10.0,7.83,7.75,8.0,7.42,7.58,83.83
Arabica,Taiwan,2014,7.67,7.83,10.0,10.0,10.0,7.75,7.42,7.75,7.67,7.75,83.83
Arabica,Ethiopia,2014,7.75,7.75,10.0,10.0,10.0,7.67,7.58,7.67,7.67,7.75,83.83
Arabica,Brazil,2015,7.67,8.08,9.33,10.0,10.0,8.17,7.83,7.5,7.58,7.67,83.83
Arabica,Costa Rica,2013,7.83,7.67,10.0,10.0,10.0,7.83,7.75,7.83,7.5,7.42,83.83
Arabica,Guatemala,2014,7.58,7.75,10.0,10.0,10.0,7.75,7.58,8.0,7.33,7.83,83.83
Arabica,Brazil,2013,7.92,7.75,10.0,10.0,10.0,7.5,8.17,7.67,7.33,7.5,83.83
Arabica,Ecuador,2013,7.5,7.67,10.0,10.0,10.0,7.83,7.83,7.75,7.58,7.67,83.83
Arabica,Colombia,2013,7.67,7.92,10.0,10.0,10.0,7.67,7.58,7.83,7.58,7.58,83.83
Arabica,Guatemala,2013,7.5,7.67,10.0,10.0,10.0,7.67,7.83,7.83,7.5,7.83,83.83
Arabica,Mexico,2012,7.67,7.92,10.0,10.0,10.0,7.5,7.67,7.42,7.67,8.0,83.83
Arabica,Mexico,2012,7.67,7.83,10.0,10.0,10.0,7.75,7.75,7.75,7.5,7.58,83.83
Arabica,Brazil,2012,7.83,7.83,10.0,10.0,10.0,7.58,7.5,7.67,7.58,7.83,83.83
Arabica,Thailand,2011,7.75,7.5,10.0,10.0,10.0,7.58,7.67,8.0,7.58,7.75,83.83
Arabica,Thailand,2011,7.5,7.75,10.0,10.0,10.0,7.83,7.75,7.58,7.58,7.83,83.83
Arabica,Ethiopia,2010,7.58,7.5,10.0,10.0,10.0,7.5,7.83,8.0,7.58,7.83,83.83
Arabica,Brazil,2017,7.67,7.75,10.0,10.0,10.0,7.67,7.67,7.75,7.58,7.67,83.75
Arabica,Colombia,2017,7.83,7.75,10.0,10.0,10.0,7.58,7.58,7.58,7.58,7.83,83.75
Arabica,Taiwan,2016,7.67,7.75,10.0,10.0,10.0,7.83,7.67,7.58,7.58,7.67,83.75
Arabica,Colombia,2016,7.92,7.67,10.0,10.0,10.0,7.5,7.75,7.67,7.5,7.75,83.75
Arabica,China,2015,7.83,7.75,10.0,10.0,10.0,7.67,7.58,7.5,7.67,7.75,83.75
Arabica,Colombia,2016,7.75,7.75,10.0,10.0,10.0,7.83,7.58,7.67,7.5,7.67,83.75
Arabica,Uganda,2013,8.0,7.67,10.0,10.0,10.0,7.5,7.33,7.75,7.58,7.92,83.75
Arabica,United States (Puerto Rico),2013,7.83,7.75,10.0,9.33,9.33,8.17,8.0,7.67,7.83,7.83,83.75
Arabica,Colombia,2014,7.67,7.67,10.0,10.0,10.0,7.67,7.5,7.92,7.67,7.67,83.75
Arabica,Colombia,2014,7.67,7.5,10.0,10.0,10.0,8.33,8.0,7.42,7.42,7.42,83.75
Arabica,Colombia,2013,7.58,7.75,10.0,10.0,10.0,7.67,7.67,7.67,7.75,7.67,83.75
Arabica,Colombia,2013,7.75,7.58,10.0,10.0,10.0,8.0,7.42,7.58,7.75,7.67,83.75
Arabica,United States (Hawaii),2013,7.25,7.75,10.0,10.0,10.0,8.25,7.83,7.58,7.67,7.42,83.75
Arabica,Mexico,2012,7.83,7.83,10.0,10.0,10.0,7.67,7.75,7.5,7.58,7.58,83.75
Arabica,Guatemala,2012,7.67,7.75,10.0,10.0,10.0,7.75,7.75,7.67,7.58,7.58,83.75
Arabica,Colombia,2011,7.83,8.08,10.0,10.0,10.0,7.67,7.42,7.33,7.58,7.83,83.75
Arabica,Brazil,2017,7.67,7.83,10.0,10.0,10.0,7.5,7.67,7.67,7.5,7.83,83.67
Arabica,Kenya,2017,8.08,7.75,10.0,10.0,10.0,7.67,7.25,7.58,7.67,7.67,83.67
Arabica,Honduras,2016,7.5,7.33,10.0,10.0,10.0,8.0,8.0,7.67,7.67,7.5,83.67
Arabica,Nicaragua,2016,7.67,7.5,10.0,10.0,10.0,7.58,7.83,7.67,7.67,7.75,83.67
Arabica,Brazil,2016,7.58,7.83,10.0,10.0,10.0,7.58,7.58,7.75,7.58,7.75,83.67
Arabica,Taiwan,2015,7.5,7.75,10.0,10.0,10.0,7.67,7.83,7.92,7.33,7.67,83.67
Arabica,Thailand,2014,7.5,7.75,10.0,10.0,10.0,7.58,7.67,7.83,7.58,7.75,83.67
Arabica,Colombia,2015,7.5,7.83,10.0,10.0,10.0,7.67,7.67,7.75,7.5,7.75,83.67
Arabica,Guatemala,2014,8.0,7.5,10.0,10.0,9.33,8.0,8.0,8.0,7.33,7.5,83.67
Arabica,Colombia,2013,7.83,7.58,10.0,10.0,10.0,7.67,7.58,7.58,7.67,7.75,83.67
Arabica,Colombia,2013,7.67,7.92,10.0,10.0,10.0,7.75,7.33,7.67,7.67,7.67,83.67
Arabica,Guatemala,2013,7.67,7.5,10.0,10.0,10.0,7.75,8.0,7.67,7.42,7.67,83.67
Arabica,Guatemala,2013,7.83,7.67,10.0,10.0,10.0,7.83,7.67,7.67,7.33,7.67,83.67
Arabica,Colombia,2012,7.75,7.83,10.0,10.0,10.0,7.75,7.17,7.83,7.58,7.75,83.67
Arabica,Guatemala,2012,8.17,8.0,9.33,9.33,9.33,7.75,8.08,7.67,7.83,8.17,83.67
Arabica,Guatemala,2012,7.67,7.5,10.0,10.0,10.0,7.83,7.58,7.42,7.5,8.17,83.67
Arabica,Mexico,2012,7.67,7.58,10.0,10.0,10.0,8.25,7.83,7.33,7.5,7.5,83.67
Arabica,Indonesia,2012,8.17,7.58,10.0,10.0,10.0,7.67,7.42,7.58,7.58,7.67,83.67
Arabica,Guatemala,2012,7.67,7.83,10.0,10.0,10.0,7.67,7.67,8.0,7.33,7.5,83.67
Arabica,Brazil,2017,7.58,7.92,10.0,10.0,10.0,7.58,7.67,7.58,7.58,7.67,83.58
Arabica,Guatemala,2016,7.75,7.58,10.0,10.0,10.0,7.58,7.58,7.83,7.5,7.75,83.58
Arabica,Colombia,2016,7.75,7.67,10.0,10.0,10.0,7.58,7.67,7.58,7.58,7.75,83.58
Arabica,China,2015,7.67,7.75,10.0,10.0,10.0,7.75,7.67,7.58,7.58,7.58,83.58
Arabica,Colombia,2015,7.67,7.58,10.0,10.0,10.0,7.58,7.75,7.67,7.58,7.75,83.58
Arabica,Mexico,2014,7.75,7.75,10.0,10.0,10.0,7.67,7.5,7.58,7.58,7.75,83.58
Arabica,Ethiopia,2014,7.75,7.75,10.0,10.0,10.0,7.67,7.5,7.67,7.58,7.67,83.58
Arabica,Uganda,2013,7.67,7.67,10.0,10.0,10.0,7.67,7.75,7.75,7.42,7.67,83.58
Arabica,Colombia,2014,7.67,7.67,10.0,10.0,10.0,7.67,7.67,7.67,7.67,7.58,83.58
Arabica,Colombia,2014,7.67,7.67,10.0,10.0,10.0,7.75,7.67,7.58,7.67,7.58,83.58
Arabica,Colombia,2014,7.75,7.58,10.0,10.0,10.0,7.83,7.75,7.58,7.5,7.58,83.58
Arabica,Taiwan,2013,7.75,7.5,10.0,10.0,10.0,7.58,7.5,7.75,7.75,7.75,83.58
Arabica,Colombia,2012,7.67,7.67,10.0,10.0,10.0,7.58,7.75,7.67,7.58,7.67,83.58
Arabica,Mexico,2012,7.83,7.67,10.0,10.0,10.0,7.58,7.67,7.58,7.58,7.67,83.58
Arabica,Colombia,2012,7.67,7.75,10.0,10.0,10.0,7.75,7.67,7.58,7.58,7.58,83.58
Arabica,Brazil,2012,7.83,7.67,10.0,10.0,10.0,7.58,7.5,7.75,7.5,7.75,83.58
Arabica,Colombia,2016,7.75,7.58,10.0,10.0,10.0,7.5,7.75,7.75,7.58,7.58,83.5
Arabica,Taiwan,2017,7.58,10.0,10.0,10.0,10.0,7.0,7.0,7.17,7.17,7.58,83.5
Arabica,Costa Rica,2015,7.92,7.83,10.0,10.0,10.0,7.67,7.5,7.67,7.5,7.42,83.5
Arabica,Colombia,2016,7.75,7.58,10.0,10.0,10.0,7.75,7.75,7.5,7.58,7.58,83.5
Arabica,Guatemala,2016,7.67,7.58,10.0,10.0,10.0,7.58,7.58,7.83,7.5,7.75,83.5
Arabica,Colombia,2015,7.58,7.75,10.0,10.0,10.0,7.67,7.75,7.58,7.58,7.58,83.5
Arabica,Tanzania,2015,7.75,7.58,10.0,10.0,10.0,7.58,7.67,7.67,7.58,7.67,83.5
Arabica,Indonesia,2015,7.25,7.67,10.0,10.0,10.0,7.58,7.83,7.92,7.58,7.67,83.5
Arabica,Ethiopia,2014,7.67,7.58,10.0,10.0,10.0,7.67,7.75,7.58,7.5,7.75,83.5
Arabica,Colombia,2014,7.67,7.67,10.0,10.0,10.0,7.67,7.58,7.83,7.67,7.42,83.5
Arabica,Colombia,2014,8.0,7.58,10.0,10.0,10.0,7.58,7.92,7.58,7.25,7.58,83.5
Arabica,Guatemala,2013,7.58,7.75,10.0,10.0,10.0,7.67,7.42,7.83,7.5,7.75,83.5
Arabica,Colombia,2014,7.75,7.67,10.0,10.0,10.0,7.83,7.83,7.5,7.33,7.58,83.5
Arabica,Honduras,2015,7.67,7.83,10.0,10.0,10.0,7.67,7.67,7.5,7.67,7.5,83.5
Arabica,Colombia,2013,7.58,7.67,10.0,10.0,10.0,7.67,7.75,7.67,7.42,7.75,83.5
Arabica,Colombia,2013,7.58,7.58,10.0,10.0,10.0,7.75,7.58,7.75,7.58,7.67,83.5
Arabica,Mexico,2012,7.83,8.42,10.0,10.0,10.0,7.42,7.5,7.5,7.25,7.58,83.5
Arabica,Mexico,2012,7.67,7.58,10.0,10.0,10.0,7.5,7.58,7.75,7.67,7.75,83.5
Arabica,Mexico,2012,7.75,7.83,10.0,10.0,10.0,7.5,7.33,7.75,7.67,7.67,83.5
Arabica,Guatemala,2012,7.83,7.5,10.0,10.0,10.0,7.5,7.67,8.0,7.5,7.5,83.5
Arabica,Colombia,2012,7.67,7.67,10.0,10.0,10.0,7.67,7.67,7.67,7.58,7.58,83.5
Arabica,Guatemala,2012,7.5,7.58,10.0,10.0,10.0,7.67,8.0,7.5,7.75,7.5,83.5
Arabica,Indonesia,2010,7.83,7.58,10.0,10.0,10.0,7.58,7.75,7.58,7.58,7.58,83.5
Arabica,Colombia,2017,7.5,7.67,10.0,10.0,10.0,7.83,7.75,7.5,7.58,7.58,83.42
Arabica,Guatemala,2017,7.67,7.67,10.0,10.0,10.0,7.67,7.58,7.58,7.5,7.75,83.42
Arabica,Colombia,2016,7.67,7.67,10.0,10.0,10.0,7.58,7.67,7.67,7.5,7.67,83.42
Arabica,Costa Rica,2016,7.58,7.83,10.0,10.0,10.0,7.67,7.5,7.92,7.42,7.5,83.42
Arabica,Taiwan,2015,7.67,10.0,10.0,10.0,10.0,7.0,7.0,7.08,7.0,7.67,83.42
Arabica,Uganda,2015,7.58,7.75,10.0,10.0,10.0,7.58,7.67,7.75,7.33,7.75,83.42
Arabica,Thailand,2015,7.5,7.67,10.0,10.0,10.0,7.67,7.75,7.5,7.75,7.58,83.42
Arabica,El Salvador,2016,7.58,7.58,10.0,10.0,10.0,7.67,7.75,7.58,7.75,7.5,83.42
Arabica,Colombia,2015,7.58,7.67,10.0,10.0,10.0,7.67,7.58,7.67,7.58,7.67,83.42
Arabica,Brazil,2014,7.33,7.75,10.0,10.0,10.0,7.83,7.42,7.5,7.75,7.83,83.42
Arabica,Tanzania,2014,7.75,7.58,10.0,10.0,10.0,7.58,7.58,7.67,7.58,7.67,83.42
Arabica,Colombia,2015,7.58,7.58,10.0,10.0,9.33,8.58,7.75,7.75,7.25,7.58,83.42
Arabica,Guatemala,2013,7.75,7.5,10.0,10.0,10.0,7.67,7.5,7.83,7.33,7.83,83.42
Arabica,Guatemala,2014,7.67,7.58,10.0,10.0,10.0,7.5,7.58,7.83,7.5,7.75,83.42
Arabica,Guatemala,2013,7.67,7.58,10.0,10.0,10.0,7.75,7.75,7.42,7.75,7.5,83.42
Arabica,United States (Hawaii),2012,7.42,7.67,10.0,10.0,10.0,7.67,7.67,7.58,7.67,7.75,83.42
Arabica,Colombia,2012,7.5,7.67,10.0,10.0,10.0,7.75,7.67,7.5,7.58,7.75,83.42
Arabica,United States (Hawaii),2010,7.5,7.5,10.0,10.0,10.0,7.58,7.83,7.67,7.42,7.92,83.42
Arabica,Colombia,2016,7.75,7.58,10.0,10.0,10.0,7.58,7.58,7.58,7.75,7.5,83.33
Arabica,Colombia,2016,7.67,7.67,10.0,10.0,10.0,7.75,7.67,7.42,7.58,7.58,83.33
Arabica,Colombia,2016,7.83,7.67,10.0,10.0,10.0,7.58,7.5,7.58,7.58,7.58,83.33
Arabica,Brazil,2016,7.5,7.58,10.0,10.0,10.0,7.92,7.58,7.58,7.33,7.83,83.33
Arabica,Mexico,2014,7.75,7.58,10.0,10.0,10.0,7.58,7.5,7.67,7.5,7.75,83.33
Arabica,Colombia,2015,7.67,7.42,10.0,10.0,10.0,7.42,7.83,7.83,7.42,7.75,83.33
Arabica,Tanzania,2014,7.75,7.58,10.0,10.0,10.0,7.58,7.58,7.58,7.67,7.58,83.33
Arabica,Mexico,2013,7.67,7.67,10.0,10.0,10.0,7.58,7.5,7.67,7.58,7.67,83.33
Arabica,Costa Rica,2014,7.67,7.58,10.0,10.0,10.0,7.67,7.67,7.67,7.42,7.67,83.33
Arabica,United States (Hawaii),2014,7.83,7.83,9.33,10.0,9.33,8.0,7.92,7.67,7.83,7.58,83.33
Arabica,Costa Rica,2013,7.5,8.0,10.0,10.0,10.0,7.17,7.83,7.5,7.67,7.67,83.33
Arabica,Peru,2013,7.83,7.5,10.0,10.0,9.33,7.58,7.92,7.83,7.58,7.75,83.33
Arabica,Haiti,2012,7.58,7.83,10.0,10.0,10.0,7.42,7.83,7.5,7.67,7.5,83.33
Arabica,Colombia,2013,7.67,7.5,10.0,10.0,10.0,7.42,7.92,7.67,7.5,7.67,83.33
Arabica,Guatemala,2013,7.83,7.67,10.0,10.0,10.0,7.67,7.67,7.67,7.17,7.67,83.33
Arabica,United States (Hawaii),2012,7.92,7.83,10.0,10.0,9.33,7.67,7.67,7.83,7.58,7.5,83.33
Arabica,Burundi,2012,7.75,7.83,10.0,10.0,10.0,7.75,7.5,7.5,7.33,7.67,83.33
Arabica,Colombia,2012,7.5,7.67,10.0,10.0,10.0,7.58,7.67,7.58,7.67,7.67,83.33
Arabica,Mexico,2017,7.67,7.67,10.0,10.0,10.0,7.5,7.33,7.83,7.42,7.83,83.25
Arabica,Costa Rica,2016,7.5,7.58,10.0,10.0,10.0,7.67,7.67,7.5,7.83,7.5,83.25
Arabica,Costa Rica,2015,7.83,7.67,10.0,10.0,10.0,7.67,7.5,7.67,7.42,7.5,83.25
Arabica,Guatemala,2016,7.5,7.67,10.0,10.0,10.0,7.58,7.67,7.83,7.42,7.58,83.25
Arabica,Uganda,2015,7.5,7.67,10.0,10.0,10.0,7.67,7.67,7.42,7.67,7.67,83.25
Arabica,Brazil,2016,7.58,8.0,10.0,10.0,10.0,7.42,7.67,7.5,7.42,7.67,83.25
Arabica,Colombia,2016,7.58,7.58,10.0,10.0,10.0,7.83,7.75,7.17,7.67,7.67,83.25
Arabica,Mexico,2015,7.83,7.42,10.0,10.0,10.0,7.58,7.58,7.58,7.5,7.75,83.25
Arabica,Taiwan,2015,7.67,7.58,10.0,10.0,10.0,7.83,7.67,7.5,7.5,7.5,83.25
Arabica,Taiwan,2014,7.92,7.33,10.0,10.0,10.0,7.33,7.5,7.58,7.75,7.83,83.25
Arabica,Colombia,2014,7.58,7.67,10.0,10.0,10.0,7.75,7.58,7.58,7.5,7.58,83.25
Arabica,Guatemala,2014,7.5,7.67,10.0,10.0,10.0,7.5,7.67,7.67,7.58,7.67,83.25
Arabica,Colombia,2013,7.83,7.58,10.0,10.0,10.0,7.67,7.67,7.33,7.67,7.5,83.25
Arabica,Mexico,2013,7.58,7.75,10.0,10.0,10.0,7.58,7.58,7.5,7.5,7.75,83.25
Arabica,United States (Hawaii),2012,7.58,7.67,9.33,10.0,9.33,7.67,8.08,8.0,7.83,7.75,83.25
Arabica,Mexico,2012,7.75,7.67,10.0,10.0,10.0,7.58,7.5,7.58,7.58,7.58,83.25
Arabica,Mexico,2012,7.75,7.58,10.0,10.0,10.0,7.5,7.33,7.92,7.42,7.75,83.25
Arabica,Guatemala,2012,7.83,7.42,10.0,10.0,10.0,8.08,7.42,7.83,7.08,7.58,83.25
Arabica,Brazil,2012,7.75,7.58,10.0,10.0,10.0,7.58,7.58,7.58,7.5,7.67,83.25
Arabica,Colombia,2012,7.67,7.58,10.0,10.0,10.0,7.58,7.83,7.42,7.58,7.58,83.25
Arabica,Colombia,2012,7.67,7.67,10.0,10.0,10.0,7.67,7.58,7.5,7.5,7.67,83.25
Arabica,Colombia,2011,7.92,7.5,10.0,10.0,10.0,7.58,7.83,7.42,7.25,7.75,83.25
Arabica,Colombia,2010,8.0,7.5,10.0,10.0,10.0,7.5,7.67,7.25,7.67,7.67,83.25
Arabica,Colombia,2010,7.92,7.58,10.0,10.0,10.0,7.67,7.42,7.42,7.5,7.75,83.25
Arabica,Brazil,2017,7.67,7.75,10.0,10.0,10.0,7.58,7.67,7.58,7.5,7.42,83.17
Arabica,Guatemala,2017,7.58,7.67,10.0,10.0,10.0,7.58,7.75,7.67,7.33,7.58,83.17
Arabica,Tanzania,2016,7.67,7.58,10.0,10.0,10.0,7.58,7.67,7.67,7.42,7.58,83.17
Arabica,Peru,2017,7.92,7.5,10.0,10.0,10.0,7.5,7.67,7.58,7.5,7.5,83.17
Arabica,Vietnam,2017,7.58,7.58,10.0,10.0,10.0,8.58,7.58,7.33,7.08,7.42,83.17
Arabica,Guatemala,2016,7.67,7.5,10.0,10.0,10.0,7.5,7.58,7.75,7.42,7.75,83.17
Arabica,Honduras,2016,7.67,7.5,10.0,10.0,10.0,7.67,7.5,7.67,7.5,7.67,83.17
Arabica,China,2015,7.5,7.67,10.0,10.0,10.0,7.67,7.67,7.67,7.33,7.67,83.17
Arabica,China,2015,7.67,7.67,10.0,10.0,10.0,7.58,7.42,7.67,7.5,7.67,83.17
Arabica,El Salvador,2016,7.5,7.5,10.0,10.0,10.0,7.67,8.0,7.67,7.33,7.5,83.17
Arabica,Guatemala,2015,7.5,7.5,10.0,10.0,10.0,7.5,7.58,7.83,7.5,7.75,83.17
Arabica,Guatemala,2015,7.92,7.42,10.0,10.0,10.0,7.5,7.5,7.75,7.42,7.67,83.17
Arabica,Kenya,2014,7.83,7.83,9.33,9.33,9.33,8.5,7.83,7.75,7.67,7.75,83.17
Arabica,Thailand,2014,7.67,7.5,10.0,10.0,10.0,7.67,7.42,7.75,7.58,7.58,83.17
Arabica,Tanzania,2014,7.58,7.67,10.0,10.0,10.0,7.58,7.42,7.58,7.67,7.67,83.17
Arabica,Colombia,2014,7.58,7.75,10.0,10.0,10.0,7.67,7.5,7.67,7.5,7.5,83.17
Arabica,Uganda,2014,8.0,7.67,10.0,10.0,10.0,7.58,7.33,7.42,7.5,7.67,83.17
Arabica,Colombia,2014,7.58,7.58,10.0,10.0,10.0,7.58,7.58,7.58,7.5,7.75,83.17
Arabica,Honduras,2013,7.5,7.67,10.0,10.0,10.0,7.67,7.67,7.67,7.5,7.5,83.17
Arabica,Honduras,2015,7.67,7.5,10.0,10.0,10.0,7.67,7.5,7.67,7.5,7.67,83.17
Arabica,Guatemala,2014,7.33,7.67,10.0,10.0,10.0,7.67,7.33,8.17,7.17,7.83,83.17
Arabica,United States (Hawaii),2013,7.5,7.58,10.0,10.0,10.0,7.67,7.92,7.42,7.58,7.5,83.17
Arabica,Tanzania,2014,7.58,7.58,10.0,10.0,10.0,7.58,7.58,7.75,7.58,7.5,83.17
Arabica,Guatemala,2013,7.67,7.5,10.0,10.0,10.0,7.67,7.5,7.67,7.33,7.83,83.17
Arabica,Mexico,2013,7.75,7.75,10.0,10.0,10.0,7.42,7.5,7.58,7.58,7.58,83.17
Arabica,Mexico,2012,7.75,7.67,10.0,10.0,10.0,7.58,7.42,7.5,7.58,7.67,83.17
Arabica,Mexico,2012,7.58,7.67,10.0,10.0,10.0,7.58,7.5,7.67,7.42,7.75,83.17
Arabica,Colombia,2012,7.67,7.25,10.0,10.0,10.0,8.17,7.58,7.5,7.5,7.5,83.17
Arabica,Mexico,2012,7.75,7.58,10.0,10.0,10.0,7.58,7.58,7.75,7.42,7.5,83.17
Arabica,Colombia,2012,7.58,7.5,10.0,10.0,10.0,7.67,7.67,7.58,7.5,7.67,83.17
Arabica,Mexico,2012,7.5,7.58,10.0,10.0,10.0,7.5,7.67,7.58,7.58,7.75,83.17
Arabica,Brazil,2012,7.75,7.5,10.0,10.0,10.0,7.58,7.58,7.5,7.58,7.67,83.17
Arabica,Brazil,2012,7.92,7.67,10.0,10.0,10.0,7.5,7.42,7.58,7.5,7.58,83.17
Arabica,Guatemala,2012,7.75,7.5,9.33,10.0,10.0,8.0,7.92,7.5,7.67,7.5,83.17
Arabica,Brazil,2011,7.75,7.58,10.0,10.0,10.0,7.5,7.75,7.5,7.58,7.5,83.17
Arabica,Brazil,2011,7.58,7.42,10.0,10.0,10.0,7.58,7.67,7.5,7.67,7.75,83.17
Arabica,El Salvador,2011,7.42,7.58,10.0,9.33,10.0,7.58,7.17,8.08,8.17,7.83,83.17
Arabica,Colombia,2016,7.58,7.5,10.0,10.0,10.0,7.58,7.75,7.67,7.33,7.67,83.08
Arabica,Colombia,2016,7.75,7.17,10.0,10.0,10.0,7.75,8.0,7.42,7.5,7.5,83.08
Arabica,Brazil,2015,7.58,7.58,10.0,10.0,10.0,7.58,7.67,7.5,7.58,7.58,83.08
Arabica,Brazil,2016,7.33,7.92,10.0,10.0,10.0,7.42,7.75,7.33,7.67,7.67,83.08
Arabica,Taiwan,2015,7.83,7.75,10.0,10.0,9.33,7.25,7.67,7.83,7.5,7.92,83.08
Arabica,Brazil,2015,7.42,7.5,10.0,10.0,10.0,7.67,7.75,7.5,7.58,7.67,83.08
Arabica,Brazil,2015,7.58,7.67,10.0,10.0,10.0,7.5,7.42,7.42,7.67,7.83,83.08
Arabica,Costa Rica,2014,7.83,7.5,10.0,10.0,10.0,7.67,7.58,7.67,7.5,7.33,83.08
Arabica,United States (Hawaii),2013,7.33,7.58,10.0,10.0,10.0,7.67,7.83,7.33,7.58,7.75,83.08
Arabica,Taiwan,2013,7.75,7.58,10.0,10.0,10.0,7.5,7.5,7.5,7.5,7.75,83.08
Arabica,United States (Hawaii),2012,7.83,7.5,10.0,10.0,10.0,7.67,7.75,7.17,7.33,7.83,83.08
Arabica,Mexico,2012,7.75,7.5,10.0,10.0,10.0,7.5,7.5,7.75,7.42,7.67,83.08
Arabica,United States (Hawaii),2012,7.67,8.08,10.0,9.33,9.33,8.0,7.92,7.67,7.5,7.58,83.08
Arabica,United States (Hawaii),2012,7.33,7.42,10.0,10.0,10.0,7.58,7.67,7.92,7.58,7.58,83.08
Arabica,Colombia,2010,7.83,7.58,10.0,10.0,10.0,7.92,7.42,7.25,7.33,7.75,83.08
Arabica,Indonesia,2010,7.67,7.5,10.0,10.0,10.0,7.58,7.67,7.58,7.5,7.58,83.08
Arabica,Brazil,2017,7.58,7.5,10.0,10.0,10.0,7.5,7.67,7.75,7.5,7.5,83.0
Arabica,Brazil,2016,7.5,7.58,10.0,10.0,10.0,7.5,7.58,7.67,7.58,7.58,83.0
Arabica,Brazil,2016,7.5,7.58,10.0,10.0,10.0,7.42,7.58,7.67,7.58,7.67,83.0
Arabica,Uganda,2015,7.67,7.58,10.0,10.0,10.0,7.5,7.83,7.42,7.42,7.58,83.0
Arabica,Uganda,2015,7.67,7.67,10.0,10.0,10.0,7.5,7.42,7.58,7.5,7.67,83.0
Arabica,Colombia,2016,7.67,7.58,10.0,10.0,10.0,7.58,7.5,7.67,7.33,7.67,83.0
Arabica,Vietnam,2014,7.75,8.0,10.0,10.0,9.33,7.67,7.42,7.58,7.58,7.67,83.0
Arabica,Guatemala,2015,7.67,7.42,10.0,10.0,10.0,7.5,7.42,7.92,7.33,7.75,83.0
Arabica,Guatemala,2015,7.75,7.58,10.0,10.0,10.0,7.42,7.5,7.75,7.33,7.67,83.0
Arabica,Guatemala,2015,7.83,7.33,10.0,10.0,10.0,7.5,7.75,7.67,7.25,7.67,83.0
Arabica,Brazil,2014,7.67,7.58,10.0,10.0,10.0,7.5,7.42,7.5,7.67,7.67,83.0
Arabica,Taiwan,2014,7.92,7.17,10.0,10.0,10.0,7.25,7.33,7.58,7.83,7.92,83.0
Arabica,Uganda,2013,7.83,7.5,10.0,10.0,10.0,7.5,7.58,7.5,7.5,7.58,83.0
Arabica,United States (Puerto Rico),2013,7.67,7.42,9.33,10.0,10.0,7.83,7.75,7.83,7.67,7.5,83.0
Arabica,Guatemala,2014,7.67,7.42,10.0,10.0,10.0,7.5,7.5,7.83,7.42,7.67,83.0
Arabica,Costa Rica,2013,7.67,7.67,10.0,10.0,10.0,7.5,7.5,7.58,7.5,7.58,83.0
Arabica,Brazil,2013,7.75,7.5,10.0,10.0,10.0,7.67,7.42,7.67,7.42,7.58,83.0
Arabica,Colombia,2013,7.75,8.25,10.0,10.0,10.0,7.17,7.58,7.5,7.33,7.42,83.0
Arabica,Colombia,2013,7.83,7.58,10.0,10.0,10.0,7.67,7.5,7.33,7.58,7.5,83.0
Arabica,Colombia,2013,7.33,7.5,10.0,10.0,10.0,7.58,7.75,7.42,7.75,7.67,83.0
Arabica,Colombia,2013,7.58,7.58,10.0,10.0,10.0,7.42,7.58,7.67,7.42,7.75,83.0
Arabica,Colombia,2012,7.5,7.67,10.0,10.0,10.0,7.58,7.75,7.58,7.42,7.5,83.0
Arabica,Mexico,2012,7.67,7.58,10.0,10.0,10.0,7.58,7.67,7.5,7.42,7.58,83.0
Arabica,Mexico,2012,7.67,7.83,10.0,10.0,9.33,7.67,7.58,7.58,7.5,7.83,83.0
Arabica,Mexico,2012,7.5,7.67,10.0,10.0,10.0,7.58,7.58,7.5,7.5,7.67,83.0
Arabica,Colombia,2012,7.67,7.5,10.0,10.0,10.0,7.5,7.75,7.5,7.5,7.58,83.0
Arabica,Colombia,2012,7.75,7.58,10.0,10.0,9.33,7.75,7.83,7.67,7.5,7.58,83.0
Arabica,Colombia,2012,7.67,7.5,10.0,10.0,10.0,7.42,7.67,7.58,7.58,7.58,83.0
Arabica,Guatemala,2012,7.5,7.33,10.0,10.0,10.0,7.83,7.5,7.67,7.5,7.67,83.0
Arabica,Colombia,2011,7.67,7.5,10.0,10.0,10.0,7.42,7.67,7.5,7.58,7.67,83.0
Arabica,Thailand,2011,7.33,7.5,10.0,10.0,10.0,7.67,7.75,7.5,7.58,7.67,83.0
Arabica,Colombia,2011,7.5,7.42,10.0,10.0,10.0,7.58,7.58,7.67,7.67,7.58,83.0
Arabica,Nicaragua,2010,7.58,7.92,9.33,9.33,9.33,8.08,7.92,7.92,7.75,7.83,83.0
Arabica,Brazil,2017,7.67,7.5,10.0,10.0,10.0,7.5,7.58,7.58,7.5,7.58,82.92
Arabica,El Salvador,2017,7.5,7.5,9.33,10.0,10.0,7.83,7.92,7.58,7.75,7.5,82.92
Arabica,Colombia,2017,7.58,7.58,10.0,10.0,10.0,7.58,7.67,7.33,7.5,7.67,82.92
Arabica,Taiwan,2016,7.17,7.75,10.0,10.0,10.0,7.58,7.67,7.67,7.25,7.83,82.92
Arabica,Ethiopia,2016,7.58,7.58,10.0,10.0,10.0,7.58,7.58,7.5,7.5,7.58,82.92
Arabica,Taiwan,2014,7.5,7.58,10.0,10.0,10.0,7.75,7.5,7.33,7.67,7.58,82.92
Arabica,Philippines,2015,7.58,7.5,10.0,10.0,10.0,7.5,7.5,7.58,7.67,7.58,82.92
Arabica,Philippines,2014,8.08,7.42,10.0,10.0,10.0,7.5,7.33,7.42,7.67,7.5,82.92
Arabica,Mexico,2015,7.83,7.58,10.0,10.0,10.0,7.5,7.5,7.58,7.25,7.67,82.92
Arabica,Mexico,2015,7.75,7.42,10.0,10.0,10.0,7.5,7.75,7.42,7.42,7.67,82.92
Arabica,Brazil,2015,7.08,7.58,10.0,10.0,10.0,7.67,7.75,7.83,7.5,7.5,82.92
Arabica,Uganda,2013,8.0,7.58,10.0,10.0,10.0,7.42,7.33,7.58,7.5,7.5,82.92
Arabica,Uganda,2013,7.75,7.5,10.0,10.0,10.0,7.5,7.5,7.5,7.58,7.58,82.92
Arabica,Guatemala,2014,7.75,7.5,10.0,10.0,10.0,7.5,7.67,7.58,7.42,7.5,82.92
Arabica,Guatemala,2014,7.67,7.67,10.0,10.0,10.0,7.5,7.33,7.5,7.42,7.83,82.92
Arabica,Guatemala,2012,7.58,7.75,10.0,10.0,10.0,7.58,7.58,7.58,7.25,7.58,82.92
Arabica,Colombia,2013,7.58,7.58,10.0,10.0,10.0,7.58,7.58,7.33,7.75,7.5,82.92
Arabica,Colombia,2013,7.75,7.67,10.0,10.0,10.0,7.5,7.75,7.5,7.25,7.5,82.92
Arabica,Guatemala,2013,7.83,7.5,10.0,10.0,10.0,7.17,7.5,7.92,7.25,7.75,82.92
Arabica,Colombia,2013,7.83,7.5,10.0,10.0,10.0,7.58,7.5,7.42,7.42,7.67,82.92
Arabica,Mexico,2012,7.58,7.83,10.0,10.0,10.0,7.75,7.58,7.25,7.33,7.58,82.92
Arabica,Vietnam,2012,7.67,7.67,10.0,10.0,10.0,7.42,8.08,7.58,7.17,7.33,82.92
Arabica,Mexico,2012,8.0,7.75,10.0,10.0,9.33,7.42,7.67,7.17,7.67,7.92,82.92
Arabica,United States (Hawaii),2012,7.5,7.5,10.0,10.0,10.0,7.83,7.67,7.42,7.5,7.5,82.92
Arabica,Colombia,2011,7.5,7.67,10.0,10.0,10.0,7.83,7.08,7.75,7.33,7.75,82.92
Arabica,Kenya,2017,7.75,7.5,10.0,10.0,10.0,7.5,7.5,7.58,7.42,7.58,82.83
Arabica,Guatemala,2017,7.5,7.58,10.0,10.0,10.0,7.58,7.58,7.67,7.33,7.58,82.83
Arabica,Brazil,2015,7.67,7.58,10.0,10.0,10.0,7.42,7.5,7.5,7.58,7.58,82.83
Arabica,El Salvador,2016,7.33,7.33,10.0,10.0,10.0,7.67,7.33,7.83,7.67,7.67,82.83
Arabica,Rwanda,2015,7.83,8.0,9.33,9.33,9.33,7.75,7.75,7.83,7.75,7.92,82.83
Arabica,Vietnam,2014,7.25,7.92,10.0,10.0,10.0,7.42,7.75,7.42,7.5,7.58,82.83
Arabica,Guatemala,2015,7.58,7.5,10.0,10.0,10.0,7.5,7.67,7.67,7.33,7.58,82.83
Arabica,Brazil,2015,7.58,7.67,10.0,10.0,10.0,7.33,7.42,7.67,7.33,7.83,82.83
Arabica,Colombia,2014,7.83,7.08,10.0,10.0,10.0,7.67,7.5,7.58,7.5,7.67,82.83
Arabica,United States,2014,7.42,7.58,10.0,10.0,10.0,7.75,7.75,7.5,7.25,7.58,82.83
Arabica,Guatemala,2014,7.67,7.5,10.0,10.0,10.0,7.17,7.42,7.67,7.75,7.67,82.83
Arabica,Colombia,2013,7.5,7.67,10.0,10.0,10.0,7.58,7.58,7.5,7.58,7.42,82.83
Arabica,Colombia,2013,7.83,7.58,10.0,10.0,10.0,7.5,7.5,7.42,7.5,7.5,82.83
Arabica,Tanzania,2012,7.67,7.75,10.0,10.0,10.0,7.75,7.58,7.25,7.33,7.5,82.83
Arabica,Mexico,2012,7.58,7.5,10.0,10.0,10.0,7.5,7.5,7.58,7.5,7.67,82.83
Arabica,Mexico,2012,7.67,7.58,10.0,10.0,10.0,7.42,7.42,7.75,7.42,7.58,82.83
Arabica,Guatemala,2012,7.67,7.42,10.0,10.0,10.0,7.92,7.33,7.5,7.33,7.67,82.83
Arabica,Mexico,2012,7.58,7.5,10.0,10.0,10.0,7.58,7.67,7.42,7.5,7.58,82.83
Arabica,El Salvador,2011,7.75,7.25,10.0,10.0,10.0,7.5,7.25,7.75,7.75,7.58,82.83
Arabica,Guatemala,2017,7.58,7.5,10.0,10.0,10.0,7.42,7.5,7.58,7.5,7.67,82.75
Arabica,Guatemala,2017,7.5,7.5,10.0,10.0,10.0,7.58,7.67,7.67,7.17,7.67,82.75
Arabica,Guatemala,2017,7.5,7.58,10.0,10.0,10.0,7.5,7.67,7.58,7.42,7.5,82.75
Arabica,Guatemala,2017,7.42,7.67,10.0,10.0,10.0,7.5,7.5,7.67,7.42,7.58,82.75
Arabica,Indonesia,2017,7.5,7.58,10.0,10.0,10.0,7.5,7.58,7.58,7.42,7.58,82.75
Arabica,Guatemala,2017,7.58,7.67,10.0,10.0,10.0,7.67,7.33,7.58,7.33,7.58,82.75
Arabica,Taiwan,2016,7.83,7.67,10.0,10.0,9.33,7.67,7.58,7.67,7.33,7.67,82.75
Arabica,El Salvador,2017,7.67,7.67,10.0,10.0,10.0,7.67,7.58,7.33,7.17,7.67,82.75
Arabica,Costa Rica,2016,7.58,7.67,10.0,10.0,10.0,7.5,7.42,7.67,7.42,7.5,82.75
Arabica,Honduras,2017,7.58,7.67,10.0,10.0,10.0,7.5,7.5,7.58,7.42,7.5,82.75
Arabica,Brazil,2015,7.5,7.5,10.0,10.0,10.0,7.58,7.58,7.5,7.58,7.5,82.75
Arabica,China,2015,7.67,7.58,10.0,10.0,10.0,7.67,7.67,7.33,7.33,7.5,82.75
Arabica,China,2015,7.5,7.5,10.0,10.0,10.0,7.5,7.5,7.67,7.42,7.67,82.75
Arabica,Colombia,2014,7.5,7.5,10.0,10.0,10.0,7.5,7.33,7.75,7.58,7.58,82.75
Arabica,Malawi,2014,7.75,7.67,10.0,10.0,10.0,7.5,7.33,7.5,7.42,7.58,82.75
Arabica,Guatemala,2014,7.75,7.42,10.0,10.0,10.0,7.67,7.5,7.75,7.25,7.42,82.75
Arabica,Colombia,2014,7.67,7.67,10.0,10.0,10.0,7.67,7.33,7.58,7.42,7.42,82.75
Arabica,United States (Hawaii),2013,7.67,7.42,10.0,10.0,10.0,7.5,7.33,7.83,7.42,7.58,82.75
Arabica,United States (Hawaii),2013,7.58,7.75,10.0,9.33,9.33,8.0,7.42,7.75,7.75,7.83,82.75
Arabica,Colombia,2013,7.58,7.5,10.0,10.0,10.0,8.58,7.25,7.33,7.17,7.33,82.75
Arabica,Mexico,2013,7.58,7.58,10.0,10.0,10.0,7.5,7.5,7.5,7.5,7.58,82.75
Arabica,Mexico,2012,7.58,7.67,10.0,10.0,10.0,7.58,7.25,7.75,7.33,7.58,82.75
Arabica,Mexico,2012,8.08,8.08,10.0,10.0,6.67,7.92,7.83,8.0,8.0,8.17,82.75
Arabica,Colombia,2012,7.5,7.5,10.0,10.0,10.0,7.58,7.5,7.67,7.42,7.58,82.75
Arabica,Colombia,2012,7.67,7.42,10.0,10.0,10.0,7.42,7.5,7.58,7.58,7.58,82.75
Arabica,United States (Hawaii),2012,7.25,7.75,10.0,10.0,9.33,7.67,7.67,7.83,7.5,7.75,82.75
Arabica,Panama,2012,7.42,7.58,10.0,10.0,10.0,7.75,7.5,7.58,7.5,7.42,82.75
Arabica,Brazil,2017,7.5,7.5,10.0,10.0,10.0,7.5,7.58,7.75,7.25,7.58,82.67
Arabica,Brazil,2016,7.5,7.5,10.0,10.0,10.0,7.42,7.5,7.67,7.5,7.58,82.67
Arabica,Laos,2015,7.67,7.58,10.0,10.0,10.0,7.5,7.42,7.42,7.42,7.67,82.67
Arabica,El Salvador,2016,7.67,7.5,9.33,10.0,10.0,7.67,7.5,7.67,7.67,7.67,82.67
Arabica,Mexico,2016,7.5,7.75,10.0,10.0,10.0,7.17,7.42,7.75,7.42,7.67,82.67
Arabica,Colombia,2015,7.75,7.42,10.0,10.0,10.0,7.75,7.33,7.58,7.33,7.5,82.67
Arabica,Brazil,2016,7.58,7.5,10.0,10.0,10.0,7.5,7.5,7.67,7.42,7.5,82.67
Arabica,Brazil,2014,7.33,7.5,10.0,10.0,10.0,7.5,7.67,7.58,7.58,7.5,82.67
Arabica,Tanzania,2014,7.5,7.58,10.0,10.0,10.0,7.58,7.5,7.5,7.5,7.5,82.67
Arabica,Tanzania,2014,7.58,7.58,10.0,10.0,10.0,7.58,7.33,7.58,7.5,7.5,82.67
Arabica,Taiwan,2014,8.0,7.08,10.0,10.0,10.0,7.25,7.25,7.42,7.83,7.83,82.67
Arabica,Mexico,2014,7.67,7.58,10.0,10.0,10.0,7.5,7.42,7.5,7.42,7.58,82.67
Arabica,Uganda,2013,7.67,7.5,10.0,10.0,10.0,7.5,7.5,7.67,7.33,7.5,82.67
Arabica,Taiwan,2013,7.67,7.5,10.0,10.0,10.0,7.5,7.5,7.5,7.5,7.5,82.67
Arabica,Thailand,2013,7.42,7.5,10.0,10.0,10.0,7.5,7.58,7.67,7.5,7.5,82.67
Arabica,Colombia,2012,7.75,7.42,10.0,10.0,10.0,7.42,7.58,7.25,7.67,7.58,82.67
Arabica,El Salvador,2012,7.92,7.67,9.33,10.0,10.0,7.58,7.92,6.75,7.5,8.0,82.67
Arabica,Guatemala,2012,7.67,7.5,10.0,10.0,10.0,7.5,7.5,7.67,7.17,7.67,82.67
Arabica,Thailand,2012,7.83,7.58,9.33,10.0,10.0,7.83,7.58,7.33,7.83,7.33,82.67
Arabica,Mexico,2012,7.58,7.58,10.0,10.0,10.0,7.5,7.42,7.58,7.42,7.58,82.67
Arabica,Mexico,2012,7.5,7.58,10.0,10.0,10.0,7.42,7.42,7.58,7.58,7.58,82.67
Arabica,Colombia,2011,7.33,7.58,10.0,10.0,10.0,7.67,7.67,7.42,7.42,7.58,82.67
Arabica,Mexico,2011,7.75,7.08,10.0,10.0,10.0,7.58,7.67,7.75,7.25,7.58,82.67
Arabica,Colombia,2010,7.5,7.58,10.0,10.0,10.0,7.83,7.67,7.33,7.33,7.42,82.67
Arabica,Guatemala,2017,7.5,7.5,10.0,10.0,10.0,7.5,7.5,7.75,7.42,7.42,82.58
Arabica,Taiwan,2016,7.67,7.5,10.0,10.0,10.0,7.5,7.58,7.42,7.5,7.42,82.58
Arabica,Brazil,2016,7.5,7.5,10.0,10.0,10.0,7.33,7.75,7.5,7.42,7.58,82.58
Arabica,Taiwan,2017,7.25,10.0,10.0,10.0,10.0,7.0,7.0,7.08,7.0,7.25,82.58
Arabica,Brazil,2016,7.42,8.0,10.0,10.0,10.0,7.67,7.25,7.33,7.5,7.42,82.58
Arabica,Indonesia,2015,7.83,7.5,10.0,10.0,10.0,7.5,7.42,7.33,7.42,7.58,82.58
Arabica,Thailand,2014,7.75,7.5,10.0,10.0,10.0,7.5,7.42,7.67,7.42,7.33,82.58
Arabica,Thailand,2014,7.42,7.5,10.0,10.0,10.0,7.5,7.58,7.42,7.58,7.58,82.58
Arabica,Tanzania,2014,7.75,7.5,10.0,10.0,10.0,7.5,7.58,7.5,7.33,7.42,82.58
Arabica,Uganda,2013,7.83,7.42,10.0,10.0,10.0,7.42,7.42,7.58,7.42,7.5,82.58
Arabica,Costa Rica,2013,7.67,7.58,10.0,10.0,10.0,7.75,7.0,7.67,7.5,7.42,82.58
Arabica,Mexico,2014,7.58,7.58,10.0,10.0,9.33,7.67,7.67,7.75,7.42,7.58,82.58
Arabica,Guatemala,2012,7.5,7.5,10.0,10.0,10.0,7.58,7.42,7.58,7.42,7.58,82.58
Arabica,Colombia,2013,7.75,7.5,10.0,10.0,10.0,7.83,7.5,7.42,7.33,7.25,82.58
Arabica,Colombia,2012,7.75,7.42,10.0,10.0,10.0,7.58,7.33,7.25,7.75,7.5,82.58
Arabica,Colombia,2013,7.58,7.42,10.0,10.0,10.0,7.42,7.67,7.58,7.42,7.5,82.58
Arabica,Mexico,2012,7.5,7.58,10.0,10.0,10.0,7.5,7.42,7.5,7.5,7.58,82.58
Arabica,Mexico,2012,7.67,7.5,10.0,10.0,10.0,6.83,7.67,7.75,7.58,7.58,82.58
Arabica,Colombia,2012,7.33,7.67,10.0,10.0,10.0,7.5,7.67,7.42,7.58,7.42,82.58
Arabica,Brazil,2011,7.58,7.42,10.0,10.0,10.0,7.5,7.5,7.75,7.33,7.5,82.58
Arabica,Brazil,2017,7.5,7.42,10.0,10.0,10.0,7.5,7.58,7.5,7.5,7.5,82.5
Arabica,Indonesia,2017,7.83,7.42,10.0,10.0,10.0,7.33,7.42,7.5,7.25,7.75,82.5
Arabica,Honduras,2017,7.58,7.5,10.0,10.0,10.0,7.5,7.5,7.5,7.33,7.58,82.5
Arabica,Guatemala,2016,7.5,7.5,10.0,10.0,10.0,7.5,7.67,7.5,7.33,7.5,82.5
Arabica,Thailand,2014,7.5,7.83,10.0,10.0,9.33,7.42,7.33,7.75,7.5,7.83,82.5
Arabica,Thailand,2014,7.33,7.5,10.0,10.0,10.0,7.5,7.67,7.5,7.5,7.5,82.5
Arabica,Tanzania,2014,7.67,7.5,10.0,10.0,10.0,7.5,7.5,7.58,7.33,7.42,82.5
Arabica,Tanzania,2014,7.75,7.58,10.0,10.0,10.0,7.58,7.58,7.58,7.42,7.0,82.5
Arabica,Mexico,2013,7.42,7.58,10.0,10.0,10.0,7.5,7.25,7.67,7.5,7.58,82.5
Arabica,Brazil,2013,7.42,7.5,10.0,10.0,10.0,7.67,7.42,7.33,7.67,7.5,82.5
Arabica,Guatemala,2013,7.83,7.33,10.0,10.0,10.0,7.5,7.42,7.67,7.33,7.42,82.5
Arabica,Colombia,2013,7.5,7.5,10.0,10.0,10.0,7.58,7.58,7.42,7.42,7.5,82.5
Arabica,Guatemala,2013,7.83,7.33,10.0,10.0,10.0,7.67,7.5,7.33,7.17,7.67,82.5
Arabica,Mexico,2012,7.5,7.58,10.0,10.0,10.0,7.42,7.42,7.5,7.5,7.58,82.5
Arabica,Mexico,2012,7.67,7.5,10.0,10.0,10.0,7.33,7.5,7.67,7.33,7.5,82.5
Arabica,Mexico,2012,7.92,7.5,10.0,10.0,10.0,7.42,7.25,7.58,7.33,7.5,82.5
Arabica,Guatemala,2012,7.67,7.5,10.0,10.0,10.0,7.83,7.5,7.33,7.33,7.33,82.5
Arabica,Brazil,2012,7.67,7.42,10.0,10.0,10.0,7.5,7.5,7.67,7.33,7.42,82.5
Arabica,Colombia,2012,7.67,7.58,10.0,10.0,10.0,7.67,7.25,7.5,7.33,7.5,82.5
Arabica,United States (Hawaii),2012,7.33,7.58,10.0,10.0,10.0,7.67,7.42,7.75,7.33,7.42,82.5
Arabica,Honduras,2017,7.42,7.5,10.0,10.0,10.0,7.5,7.58,7.58,7.17,7.67,82.42
Arabica,Guatemala,2017,7.58,7.42,10.0,10.0,10.0,7.5,7.33,7.75,7.33,7.5,82.42
Arabica,Guatemala,2016,7.67,7.5,10.0,10.0,10.0,7.33,7.42,7.67,7.25,7.58,82.42
Arabica,Guatemala,2017,7.58,7.42,10.0,10.0,10.0,7.5,7.5,7.67,7.25,7.5,82.42
Arabica,Guatemala,2017,7.5,7.5,10.0,10.0,10.0,7.5,7.67,7.75,7.08,7.42,82.42
Arabica,Colombia,2016,5.08,8.08,10.0,10.0,10.0,8.08,7.83,7.75,7.83,7.75,82.42
Arabica,China,2015,7.67,7.58,10.0,10.0,10.0,7.42,7.42,7.5,7.42,7.42,82.42
Arabica,Brazil,2016,7.42,8.0,10.0,10.0,10.0,7.42,7.25,7.5,7.33,7.5,82.42
Arabica,Tanzania,2016,7.67,7.58,10.0,10.0,10.0,7.42,7.67,7.42,7.42,7.25,82.42
Arabica,Brazil,2016,7.17,7.42,10.0,10.0,10.0,7.42,7.75,7.5,7.33,7.83,82.42
Arabica,Guatemala,2013,7.5,7.33,10.0,10.0,10.0,7.5,7.42,7.67,7.5,7.5,82.42
Arabica,Mexico,2014,7.42,7.58,10.0,10.0,10.0,7.5,7.42,7.58,7.42,7.5,82.42
Arabica,Brazil,2012,7.58,7.42,10.0,10.0,10.0,7.42,7.5,7.5,7.33,7.67,82.42
Arabica,Peru,2013,7.58,7.5,10.0,10.0,9.33,7.58,7.5,7.75,7.58,7.58,82.42
Arabica,Brazil,2013,7.25,8.17,10.0,10.0,10.0,7.5,7.42,7.5,7.25,7.33,82.42
Arabica,Mexico,2013,7.5,7.5,10.0,10.0,9.33,7.67,7.42,7.92,7.5,7.58,82.42
Arabica,Honduras,2012,7.25,7.67,10.0,10.0,10.0,7.5,7.75,7.17,7.42,7.67,82.42
Arabica,Colombia,2013,7.67,7.42,10.0,10.0,10.0,7.5,7.58,7.5,7.33,7.42,82.42
Arabica,Mexico,2013,7.5,7.42,10.0,10.0,10.0,7.58,7.42,7.67,7.42,7.42,82.42
Arabica,Mexico,2012,7.42,7.42,10.0,10.0,10.0,7.5,7.58,7.42,7.5,7.58,82.42
Arabica,Mexico,2012,7.42,7.5,10.0,10.0,10.0,7.5,7.5,7.58,7.33,7.58,82.42
Arabica,Mexico,2012,7.75,7.58,10.0,10.0,10.0,7.33,7.58,7.58,7.25,7.33,82.42
Arabica,Mexico,2012,7.5,7.5,10.0,10.0,10.0,7.5,7.5,7.5,7.33,7.58,82.42
Arabica,Mexico,2012,7.58,7.58,10.0,10.0,10.0,7.5,7.5,7.5,7.17,7.58,82.42
Arabica,Mexico,2012,7.58,7.58,10.0,10.0,10.0,7.5,7.5,7.58,7.33,7.33,82.42
Arabica,Mexico,2012,7.67,7.5,10.0,10.0,10.0,7.33,7.58,7.42,7.33,7.58,82.42
Arabica,Mexico,2012,7.83,7.5,10.0,10.0,10.0,7.33,7.17,7.67,7.42,7.5,82.42
Arabica,Colombia,2012,7.67,7.58,10.0,10.0,10.0,7.67,7.5,7.42,7.25,7.33,82.42
Arabica,Brazil,2012,7.75,7.42,10.0,10.0,10.0,7.42,7.5,7.42,7.42,7.5,82.42
Arabica,Colombia,2011,7.33,7.75,10.0,10.0,10.0,7.58,7.42,7.58,7.17,7.58,82.42
Arabica,Colombia,2011,7.58,7.5,10.0,10.0,10.0,7.83,7.58,7.25,7.42,7.25,82.42
Arabica,Honduras,2017,7.5,7.58,10.0,10.0,10.0,7.42,7.42,7.5,7.33,7.58,82.33
Arabica,Brazil,2016,7.33,7.67,10.0,10.0,10.0,7.5,7.5,7.33,7.5,7.5,82.33
Arabica,Brazil,2017,7.42,7.5,10.0,10.0,10.0,7.58,7.5,7.5,7.42,7.42,82.33
Arabica,Brazil,2016,7.5,7.5,10.0,10.0,10.0,7.5,7.42,7.5,7.42,7.5,82.33
Arabica,Costa Rica,2015,7.75,7.5,10.0,10.0,10.0,7.67,7.42,7.25,7.25,7.5,82.33
Arabica,Costa Rica,2015,7.75,7.33,10.0,10.0,10.0,7.58,7.33,7.5,7.5,7.33,82.33
Arabica,China,2015,7.5,7.5,10.0,10.0,10.0,7.42,7.42,7.5,7.42,7.58,82.33
Arabica,Brazil,2016,8.25,7.75,10.0,6.67,10.0,8.08,8.17,8.33,7.25,7.83,82.33
Arabica,Brazil,2015,7.42,7.42,10.0,10.0,10.0,7.58,7.5,7.42,7.5,7.5,82.33
Arabica,Guatemala,2015,7.5,7.42,10.0,10.0,10.0,7.5,7.5,7.83,7.17,7.42,82.33
Arabica,Malawi,2014,7.33,7.58,10.0,10.0,10.0,7.5,7.33,7.58,7.42,7.58,82.33
Arabica,Brazil,2015,7.75,8.0,6.67,10.0,10.0,8.0,8.08,8.08,7.67,8.08,82.33
Arabica,Guatemala,2014,7.58,7.42,10.0,10.0,9.33,7.5,7.75,7.58,7.5,7.67,82.33
Arabica,Mexico,2014,7.33,7.5,10.0,10.0,10.0,7.5,7.5,7.5,7.42,7.58,82.33
Arabica,Colombia,2013,7.42,7.5,10.0,10.0,10.0,8.33,7.08,7.17,7.5,7.33,82.33
Arabica,Taiwan,2013,7.5,7.33,10.0,10.0,10.0,7.5,7.5,7.5,7.5,7.5,82.33
Arabica,Taiwan,2013,7.5,7.33,10.0,10.0,10.0,7.5,7.5,7.5,7.5,7.5,82.33
Arabica,Guatemala,2013,7.5,7.25,10.0,10.0,10.0,7.58,7.5,7.5,7.58,7.42,82.33
Arabica,Colombia,2013,7.5,7.33,10.0,10.0,10.0,7.58,7.5,7.5,7.5,7.42,82.33
Arabica,Mexico,2013,7.67,7.42,10.0,10.0,10.0,7.42,7.42,7.5,7.42,7.5,82.33
Arabica,Costa Rica,2012,7.92,7.67,10.0,9.33,9.33,7.58,7.92,7.75,7.25,7.58,82.33
Arabica,Guatemala,2012,7.67,7.33,10.0,10.0,10.0,7.33,7.5,7.67,7.33,7.5,82.33
Arabica,Mexico,2012,7.58,7.58,10.0,10.0,10.0,7.58,7.0,7.33,7.58,7.67,82.33
Arabica,Mexico,2012,7.67,7.0,10.0,10.0,10.0,7.5,7.5,7.58,7.5,7.58,82.33
Arabica,Guatemala,2012,7.5,7.5,10.0,10.0,10.0,7.5,7.33,7.5,7.33,7.67,82.33
Arabica,Brazil,2012,7.58,7.42,10.0,10.0,10.0,7.42,7.5,7.5,7.42,7.5,82.33
Arabica,Mexico,2012,8.0,7.83,10.0,10.0,9.33,7.67,7.08,7.33,7.33,7.75,82.33
Arabica,Brazil,2012,7.58,7.42,10.0,10.0,10.0,7.5,7.42,7.58,7.25,7.58,82.33
Arabica,Colombia,2012,7.83,7.33,10.0,10.0,10.0,7.42,7.58,7.25,7.33,7.58,82.33
Arabica,Taiwan,2017,7.0,10.0,10.0,10.0,10.0,7.0,7.0,7.17,7.0,7.08,82.25
Arabica,Guatemala,2016,7.67,7.33,10.0,10.0,10.0,7.42,7.42,7.67,7.25,7.5,82.25
Arabica,Brazil,2016,7.42,7.67,10.0,10.0,10.0,7.42,7.5,7.08,7.5,7.67,82.25
Arabica,El Salvador,2014,7.58,7.58,9.33,9.33,9.33,8.42,7.83,7.67,7.5,7.67,82.25
Arabica,Honduras,2015,7.58,7.33,10.0,10.0,10.0,7.42,7.42,7.58,7.42,7.5,82.25
Arabica,Malawi,2014,7.58,7.42,10.0,10.0,10.0,7.5,7.58,7.42,7.33,7.42,82.25
Arabica,Brazil,2015,7.75,7.42,10.0,10.0,10.0,7.33,7.33,7.42,7.42,7.58,82.25
Arabica,Taiwan,2013,7.5,7.25,10.0,10.0,10.0,7.5,7.5,7.5,7.5,7.5,82.25
Arabica,Mexico,2013,7.58,7.42,10.0,10.0,10.0,7.42,7.42,7.42,7.42,7.58,82.25
Arabica,United States (Hawaii),2013,7.33,7.42,10.0,10.0,10.0,7.42,7.5,7.67,7.5,7.42,82.25
Arabica,Mexico,2012,7.58,7.58,10.0,10.0,10.0,7.42,7.42,7.17,7.5,7.58,82.25
Arabica,Guatemala,2012,7.5,7.33,10.0,10.0,10.0,7.33,7.67,7.58,7.33,7.5,82.25
Arabica,Mexico,2012,7.5,7.33,10.0,10.0,10.0,7.42,7.33,7.67,7.42,7.58,82.25
Arabica,Mexico,2012,7.67,7.33,10.0,10.0,10.0,7.42,7.42,7.5,7.33,7.58,82.25
Arabica,El Salvador,2012,7.75,7.33,10.0,10.0,10.0,7.5,7.5,7.5,7.33,7.33,82.25
Arabica,Mexico,2012,7.33,7.42,10.0,10.0,10.0,7.5,7.33,7.67,7.42,7.58,82.25
Arabica,Mexico,2012,7.42,7.42,10.0,10.0,10.0,7.5,7.42,7.58,7.42,7.5,82.25
Arabica,Colombia,2012,7.5,7.42,10.0,10.0,10.0,7.33,7.58,7.33,7.67,7.42,82.25
Arabica,Colombia,2012,7.67,7.58,10.0,10.0,10.0,7.5,7.5,7.33,7.33,7.33,82.25
Arabica,Brazil,2012,7.67,7.5,10.0,10.0,10.0,7.58,7.5,7.0,7.42,7.58,82.25
Arabica,Brazil,2016,7.42,7.5,10.0,10.0,10.0,7.5,7.42,7.42,7.5,7.42,82.17
Arabica,Honduras,2015,7.5,7.58,10.0,10.0,10.0,7.5,7.5,7.42,7.17,7.5,82.17
Arabica,Tanzania,2015,7.58,7.5,10.0,10.0,10.0,7.42,7.5,7.33,7.42,7.42,82.17
Arabica,Tanzania,2016,7.42,7.58,10.0,10.0,10.0,7.33,7.5,7.5,7.42,7.42,82.17
Arabica,Brazil,2016,6.92,7.58,10.0,10.0,10.0,7.5,7.83,7.33,7.42,7.58,82.17
Arabica,Thailand,2014,7.42,7.5,10.0,10.0,10.0,7.67,7.25,7.75,7.17,7.42,82.17
Arabica,Honduras,2015,7.67,7.33,10.0,10.0,10.0,7.42,7.58,7.42,7.25,7.5,82.17
Arabica,Guatemala,2014,7.42,7.42,10.0,10.0,10.0,7.5,7.42,7.5,7.5,7.42,82.17
Arabica,Brazil,2014,7.58,7.5,10.0,10.0,10.0,7.42,7.5,7.25,7.42,7.5,82.17
Arabica,Tanzania,2014,7.75,7.25,10.0,10.0,10.0,7.42,7.33,7.58,7.42,7.42,82.17
Arabica,Mexico,2013,7.42,7.33,10.0,10.0,10.0,8.17,7.33,7.42,7.17,7.33,82.17
Arabica,Mexico,2013,7.5,7.5,10.0,10.0,10.0,7.42,7.5,7.42,7.33,7.5,82.17
Arabica,Taiwan,2013,7.5,7.17,10.0,10.0,10.0,7.5,7.5,7.5,7.5,7.5,82.17
Arabica,Taiwan,2012,7.67,7.58,10.0,10.0,10.0,7.58,7.17,7.17,7.5,7.5,82.17
Arabica,Colombia,2013,7.33,7.5,10.0,10.0,10.0,7.5,7.75,7.58,7.25,7.25,82.17
Arabica,Mexico,2012,7.5,7.67,10.0,10.0,10.0,7.5,7.33,7.5,7.0,7.67,82.17
Arabica,Guatemala,2012,7.25,7.17,9.33,10.0,10.0,7.75,8.17,7.75,7.0,7.75,82.17
Arabica,Mexico,2012,7.5,7.5,10.0,10.0,10.0,7.33,7.5,7.5,7.25,7.58,82.17
Arabica,Mexico,2012,7.0,7.58,10.0,10.0,10.0,7.5,7.42,7.5,7.5,7.67,82.17
Arabica,Indonesia,2017,7.5,7.33,10.0,10.0,10.0,7.42,7.5,7.42,7.42,7.5,82.08
Arabica,Colombia,2016,7.75,7.58,10.0,9.33,9.33,7.58,7.83,7.67,7.42,7.58,82.08
Arabica,Brazil,2016,7.42,7.5,10.0,10.0,10.0,7.25,7.42,7.5,7.42,7.58,82.08
Arabica,Brazil,2016,7.25,7.25,10.0,10.0,10.0,7.92,7.25,7.58,7.58,7.25,82.08
Arabica,Costa Rica,2015,7.75,7.67,10.0,10.0,10.0,7.42,7.17,7.25,7.42,7.42,82.08
Arabica,Tanzania,2014,7.42,7.42,10.0,10.0,10.0,7.58,7.5,7.42,7.42,7.33,82.08
Arabica,Tanzania,2014,7.42,7.5,10.0,10.0,10.0,7.5,7.33,7.33,7.5,7.5,82.08
Arabica,Colombia,2013,7.5,7.25,10.0,10.0,10.0,7.42,7.67,7.42,7.42,7.42,82.08
Arabica,Costa Rica,2013,7.58,7.33,10.0,10.0,10.0,7.67,7.5,7.33,7.33,7.33,82.08
Arabica,United States (Hawaii),2012,7.25,7.5,10.0,10.0,10.0,7.42,7.5,7.25,7.58,7.58,82.08
Arabica,Mexico,2012,7.42,7.42,10.0,10.0,10.0,7.42,7.42,7.33,7.5,7.58,82.08
Arabica,Mexico,2012,7.5,7.5,10.0,10.0,10.0,7.5,7.25,7.5,7.42,7.42,82.08
Arabica,Mexico,2012,7.67,7.33,10.0,10.0,10.0,7.33,7.42,7.58,7.25,7.5,82.08
Arabica,Vietnam,2012,7.67,7.42,10.0,10.0,10.0,7.08,7.67,7.08,7.17,8.0,82.08
Arabica,Mexico,2012,7.58,7.33,10.0,10.0,10.0,7.42,7.33,7.75,7.25,7.42,82.08
Arabica,United States (Hawaii),2012,7.33,7.42,10.0,10.0,10.0,7.83,7.08,7.58,7.33,7.5,82.08
Arabica,Colombia,2011,7.67,7.17,10.0,10.0,10.0,7.58,7.25,7.33,7.67,7.42,82.08
Arabica,Honduras,2017,7.5,7.42,10.0,10.0,10.0,7.42,7.5,7.5,7.17,7.5,82.0
Arabica,Honduras,2016,7.5,7.5,10.0,10.0,10.0,7.5,7.42,7.33,7.25,7.5,82.0
Arabica,Brazil,2016,7.5,7.5,10.0,10.0,10.0,7.42,7.33,7.5,7.42,7.33,82.0
Arabica,Tanzania,2015,7.67,7.42,10.0,10.0,10.0,7.42,7.42,7.42,7.33,7.33,82.0
Arabica,Laos,2015,7.42,7.5,10.0,10.0,10.0,7.5,7.5,7.33,7.25,7.5,82.0
Arabica,Tanzania,2014,7.42,7.5,10.0,10.0,10.0,7.42,7.33,7.58,7.33,7.42,82.0
Arabica,Malawi,2014,7.5,7.33,10.0,10.0,10.0,7.5,7.33,7.58,7.33,7.42,82.0
Arabica,Taiwan,2013,7.33,7.75,10.0,10.0,10.0,7.33,7.5,7.42,7.17,7.5,82.0
Arabica,Thailand,2013,7.58,7.33,10.0,10.0,10.0,7.42,7.33,7.42,7.42,7.5,82.0
Arabica,Costa Rica,2013,7.5,7.33,10.0,10.0,10.0,7.5,7.75,7.33,7.33,7.25,82.0
Arabica,Honduras,2014,7.33,7.17,10.0,10.0,10.0,7.83,7.5,7.5,7.33,7.33,82.0
Arabica,Colombia,2013,7.33,7.17,10.0,10.0,10.0,7.58,7.5,7.5,7.58,7.33,82.0
Arabica,Taiwan,2012,7.42,7.42,10.0,10.0,9.33,7.5,8.0,7.42,7.33,7.58,82.0
Arabica,Brazil,2012,7.33,7.67,10.0,10.0,10.0,7.42,7.33,7.17,7.42,7.67,82.0
Arabica,Mexico,2012,7.67,7.42,10.0,10.0,10.0,7.42,7.42,7.5,7.25,7.33,82.0
Arabica,Brazil,2012,7.42,7.42,10.0,10.0,10.0,7.5,7.33,7.5,7.33,7.5,82.0
Arabica,Brazil,2012,7.42,7.42,10.0,10.0,10.0,7.42,7.5,7.5,7.25,7.5,82.0
Arabica,Guatemala,2012,7.33,7.17,10.0,10.0,10.0,7.67,7.67,7.5,7.33,7.33,82.0
Arabica,Brazil,2012,7.58,7.33,10.0,10.0,10.0,7.42,7.5,7.5,7.17,7.5,82.0
Arabica,Guatemala,2012,7.75,7.42,9.33,10.0,10.0,7.67,7.75,7.42,7.33,7.33,82.0
Arabica,Guatemala,2017,7.58,7.58,10.0,10.0,9.33,7.5,7.58,7.58,7.25,7.5,81.92
Arabica,Guatemala,2017,7.5,7.42,10.0,10.0,10.0,7.42,7.42,7.42,7.25,7.5,81.92
Arabica,Honduras,2017,7.58,7.33,10.0,10.0,10.0,7.5,7.42,7.33,7.25,7.5,81.92
Arabica,Brazil,2017,7.42,7.5,10.0,10.0,10.0,7.33,7.5,7.5,7.33,7.33,81.92
Arabica,El Salvador,2014,7.67,7.33,9.33,10.0,10.0,7.67,7.5,7.5,7.33,7.58,81.92
Arabica,Guatemala,2015,7.58,7.25,10.0,10.0,10.0,7.33,7.17,7.83,7.17,7.58,81.92
Arabica,Tanzania,2014,7.33,7.42,10.0,10.0,10.0,7.58,7.5,7.42,7.33,7.33,81.92
Arabica,Nicaragua,2013,7.58,7.33,10.0,10.0,10.0,7.67,7.5,7.17,7.25,7.42,81.92
Arabica,Zambia,2014,7.67,7.25,10.0,10.0,10.0,7.42,7.75,7.33,7.42,7.08,81.92
Arabica,Honduras,2012,7.42,7.42,10.0,10.0,10.0,7.5,7.33,7.58,7.33,7.33,81.92
Arabica,Taiwan,2012,7.5,7.25,10.0,10.0,10.0,7.5,7.5,7.25,7.42,7.5,81.92
Arabica,Mexico,2013,7.58,7.25,10.0,10.0,10.0,7.25,7.5,7.58,7.25,7.5,81.92
Arabica,Mexico,2012,7.5,7.42,10.0,10.0,10.0,7.5,7.5,7.25,7.25,7.5,81.92
Arabica,Mexico,2012,7.5,7.58,10.0,10.0,10.0,7.33,7.33,7.5,7.25,7.42,81.92
Arabica,Mexico,2012,7.33,7.5,10.0,10.0,10.0,7.33,7.42,7.58,7.17,7.58,81.92
Arabica,Mexico,2012,7.67,7.33,10.0,10.0,9.33,7.5,7.5,7.83,7.33,7.42,81.92
Arabica,Brazil,2012,7.42,7.33,10.0,10.0,10.0,7.5,7.33,7.5,7.25,7.58,81.92
Arabica,Colombia,2010,7.67,7.33,10.0,10.0,10.0,7.33,7.33,7.58,7.33,7.33,81.92
Arabica,Guatemala,2017,7.42,7.42,10.0,10.0,10.0,7.42,7.33,7.5,7.25,7.5,81.83
Arabica,Costa Rica,2016,7.25,7.33,10.0,10.0,10.0,7.42,7.67,7.33,7.5,7.33,81.83
Arabica,Brazil,2016,7.42,7.33,10.0,10.0,10.0,7.25,7.42,7.5,7.42,7.5,81.83
Arabica,Indonesia,2015,7.75,5.17,10.0,10.0,10.0,7.83,7.92,7.75,7.58,7.83,81.83
Arabica,Guatemala,2015,7.58,7.17,10.0,10.0,10.0,7.25,7.58,7.42,7.33,7.5,81.83
Arabica,Brazil,2016,7.17,7.75,10.0,10.0,10.0,7.25,7.75,7.5,6.83,7.58,81.83
Arabica,Brazil,2016,7.58,8.25,10.0,10.0,10.0,7.5,7.67,6.92,6.92,7.0,81.83
Arabica,Myanmar,2015,7.33,7.33,10.0,10.0,10.0,7.33,7.33,7.42,7.5,7.58,81.83
Arabica,Mexico,2015,7.58,7.42,10.0,10.0,10.0,7.33,7.17,7.5,7.33,7.5,81.83
Arabica,Honduras,2015,7.5,7.33,10.0,10.0,10.0,7.25,7.42,7.5,7.33,7.5,81.83
Arabica,Costa Rica,2015,7.67,7.42,10.0,10.0,10.0,7.42,7.08,7.25,7.5,7.5,81.83
Arabica,Taiwan,2014,7.67,7.33,10.0,10.0,10.0,7.33,7.75,7.25,7.17,7.33,81.83
Arabica,Indonesia,2014,7.42,7.42,10.0,10.0,10.0,7.42,7.42,7.33,7.42,7.42,81.83
Arabica,Malawi,2014,7.58,7.42,10.0,10.0,10.0,7.42,7.33,7.33,7.33,7.42,81.83
Arabica,Brazil,2015,7.33,7.33,10.0,10.0,10.0,7.33,7.83,7.17,7.25,7.58,81.83
Arabica,Honduras,2014,7.5,7.5,10.0,10.0,10.0,7.33,7.33,7.33,7.33,7.5,81.83
Arabica,Mexico,2014,7.42,7.5,10.0,10.0,10.0,7.42,7.33,7.5,7.25,7.42,81.83
Arabica,Colombia,2013,7.5,7.33,10.0,10.0,10.0,7.58,7.5,7.42,7.0,7.5,81.83
Arabica,United States (Hawaii),2012,7.83,8.0,10.0,6.67,10.0,7.83,7.83,8.0,7.83,7.83,81.83
Arabica,Brazil,2012,7.75,7.83,9.33,9.33,9.33,7.75,7.83,7.42,7.5,7.75,81.83
Arabica,Guatemala,2013,7.83,7.5,9.33,10.0,9.33,7.83,7.67,7.33,7.33,7.67,81.83
Arabica,Mexico,2012,7.83,7.25,10.0,10.0,10.0,7.33,7.25,7.58,7.25,7.33,81.83
Arabica,Mexico,2012,7.33,7.42,10.0,10.0,10.0,7.5,7.5,7.5,7.25,7.33,81.83
Arabica,Brazil,2011,7.33,7.33,10.0,10.0,10.0,7.25,7.5,7.5,7.25,7.67,81.83
Arabica,Colombia,2011,7.58,7.33,10.0,10.0,10.0,7.33,7.33,7.58,7.17,7.5,81.83
Arabica,Guatemala,2017,7.5,7.33,10.0,10.0,10.0,7.33,7.42,7.42,7.25,7.5,81.75
Arabica,Vietnam,2014,7.0,8.0,10.0,10.0,10.0,7.33,7.5,7.5,7.33,7.08,81.75
Arabica,Tanzania,2014,7.42,7.42,10.0,10.0,10.0,7.33,7.33,7.42,7.42,7.42,81.75
Arabica,Brazil,2013,7.17,7.25,10.0,10.0,10.0,8.25,7.42,7.25,7.17,7.25,81.75
Arabica,Mexico,2012,7.5,7.5,10.0,10.0,10.0,7.25,7.25,7.42,7.33,7.5,81.75
Arabica,Mexico,2012,7.42,7.25,10.0,10.0,10.0,7.42,7.33,7.67,7.17,7.5,81.75
Arabica,Mexico,2012,7.42,7.25,10.0,10.0,10.0,7.33,7.33,7.58,7.33,7.5,81.75
Arabica,Mexico,2012,7.33,7.33,10.0,10.0,10.0,7.25,7.42,7.67,7.33,7.42,81.75
Arabica,Mexico,2012,7.5,7.33,10.0,10.0,10.0,7.25,7.67,7.33,7.25,7.42,81.75
Arabica,Colombia,2011,7.33,7.17,10.0,10.0,10.0,7.67,7.5,7.33,7.33,7.42,81.75
Arabica,Brazil,2017,7.42,7.25,10.0,10.0,10.0,7.25,7.5,7.5,7.25,7.5,81.67
Arabica,Guatemala,2017,7.42,7.58,10.0,10.0,10.0,7.42,7.33,7.42,7.08,7.42,81.67
Arabica,Guatemala,2017,7.42,7.33,10.0,10.0,10.0,7.42,7.33,7.67,7.17,7.33,81.67
Arabica,Honduras,2016,7.58,7.25,10.0,10.0,10.0,7.25,7.42,7.33,7.33,7.5,81.67
Arabica,Tanzania,2016,7.17,7.58,10.0,10.0,10.0,7.33,7.5,7.42,7.33,7.33,81.67
Arabica,Colombia,2016,7.75,7.67,10.0,10.0,10.0,7.83,5.25,7.67,7.75,7.75,81.67
Arabica,Brazil,2016,7.25,7.25,10.0,10.0,10.0,7.58,7.5,7.42,6.92,7.75,81.67
Arabica,Tanzania,2014,7.42,7.33,10.0,10.0,10.0,7.42,7.5,7.42,7.25,7.33,81.67
Arabica,Tanzania,2013,7.33,7.5,10.0,10.0,10.0,7.33,7.42,7.25,7.5,7.33,81.67
Arabica,Brazil,2015,7.25,7.33,10.0,10.0,10.0,7.42,7.5,7.5,7.25,7.42,81.67
Arabica,Indonesia,2013,7.17,7.58,10.0,10.0,10.0,7.42,7.33,7.42,7.33,7.42,81.67
Arabica,Honduras,2014,7.5,7.5,10.0,10.0,10.0,7.17,7.17,7.5,7.5,7.33,81.67
Arabica,Costa Rica,2013,7.5,8.08,10.0,10.0,10.0,7.08,7.5,7.17,7.17,7.17,81.67
Arabica,Mexico,2014,7.42,7.42,10.0,9.33,9.33,7.5,7.58,8.0,7.67,7.42,81.67
Arabica,Taiwan,2013,7.5,7.25,10.0,10.0,10.0,7.25,7.42,7.25,7.5,7.5,81.67
Arabica,Taiwan,2013,7.58,7.25,10.0,10.0,10.0,7.33,7.33,7.42,7.33,7.42,81.67
Arabica,Mexico,2013,7.5,7.42,10.0,10.0,10.0,7.33,7.33,7.58,7.08,7.42,81.67
Arabica,Guatemala,2012,7.5,7.17,10.0,10.0,10.0,7.33,7.33,7.33,7.33,7.67,81.67
Arabica,Mexico,2012,7.25,7.58,10.0,10.0,8.67,7.58,7.67,7.67,7.58,7.67,81.67
Arabica,Mexico,2012,7.67,7.08,10.0,10.0,10.0,7.25,7.5,7.75,7.17,7.25,81.67
Arabica,Mexico,2012,7.5,7.17,10.0,10.0,10.0,7.42,7.42,7.42,7.33,7.42,81.67
Arabica,Mexico,2012,7.58,7.42,10.0,10.0,10.0,7.17,7.25,7.58,7.25,7.42,81.67
Arabica,Mexico,2012,7.75,7.67,10.0,10.0,9.33,7.33,7.58,7.17,7.25,7.58,81.67
Arabica,United States (Hawaii),2012,7.42,7.25,10.0,10.0,10.0,7.83,7.17,7.33,7.33,7.33,81.67
Arabica,Guatemala,2017,7.42,7.42,10.0,10.0,10.0,7.33,7.42,7.5,7.08,7.42,81.58
Arabica,Taiwan,2016,7.42,7.25,10.0,10.0,10.0,7.25,7.33,7.67,7.25,7.42,81.58
Arabica,Costa Rica,2015,7.58,7.25,10.0,10.0,10.0,7.58,7.08,7.17,7.5,7.42,81.58
Arabica,Tanzania,2014,7.42,7.25,10.0,10.0,10.0,7.33,7.42,7.42,7.33,7.42,81.58
Arabica,Malawi,2014,7.42,7.33,10.0,10.0,10.0,7.33,7.33,7.58,7.17,7.42,81.58
Arabica,Taiwan,2014,7.33,7.0,9.33,10.0,10.0,8.25,8.33,7.08,7.08,7.17,81.58
Arabica,Brazil,2013,7.42,7.33,10.0,10.0,10.0,7.25,7.5,7.33,7.33,7.42,81.58
Arabica,Guatemala,2013,7.42,7.17,10.0,10.0,10.0,7.5,7.42,7.58,7.17,7.33,81.58
Arabica,Mexico,2013,7.67,7.33,10.0,10.0,10.0,7.42,6.75,7.5,7.42,7.5,81.58
Arabica,Mexico,2012,7.33,7.33,10.0,10.0,10.0,7.17,7.5,7.5,7.25,7.5,81.58
Arabica,Mexico,2012,7.67,7.67,8.67,10.0,10.0,7.42,7.58,7.58,7.42,7.58,81.58
Arabica,Thailand,2011,7.08,7.33,10.0,10.0,10.0,7.5,7.17,7.58,7.58,7.33,81.58
Arabica,Thailand,2011,7.33,7.33,10.0,10.0,10.0,7.33,7.58,7.5,7.17,7.33,81.58
Arabica,Guatemala,2017,7.67,7.58,10.0,10.0,9.33,7.42,7.33,7.42,7.17,7.58,81.5
Arabica,Nicaragua,2017,7.5,7.33,10.0,10.0,10.0,7.33,7.25,7.33,7.33,7.42,81.5
Arabica,Honduras,2017,7.5,7.33,10.0,10.0,10.0,7.25,7.17,7.42,7.33,7.5,81.5
Arabica,Guatemala,2017,7.5,7.33,10.0,10.0,10.0,7.25,7.5,7.25,7.25,7.42,81.5
Arabica,Taiwan,2015,7.5,7.33,10.0,10.0,10.0,7.25,7.58,7.08,7.33,7.42,81.5
Arabica,Myanmar,2015,7.25,7.42,10.0,10.0,10.0,7.33,7.33,7.5,7.25,7.42,81.5
Arabica,Costa Rica,2014,7.83,7.33,10.0,10.0,10.0,7.5,7.33,7.08,7.08,7.33,81.5
Arabica,Malawi,2014,7.67,7.33,10.0,10.0,10.0,7.17,7.5,7.5,6.92,7.42,81.5
Arabica,Guatemala,2014,7.5,7.17,10.0,10.0,10.0,7.42,7.25,7.58,7.17,7.42,81.5
Arabica,Taiwan,2014,7.42,7.5,9.33,10.0,10.0,7.5,7.42,7.33,7.67,7.33,81.5
Arabica,Brazil,2014,7.58,7.75,9.33,9.33,9.33,7.83,7.67,7.67,7.5,7.5,81.5
Arabica,Haiti,2013,7.42,7.33,10.0,10.0,10.0,7.33,7.42,7.42,7.25,7.33,81.5
Arabica,Taiwan,2013,7.5,7.42,10.0,10.0,10.0,7.33,7.33,7.25,7.25,7.42,81.5
Arabica,Mexico,2013,7.33,7.25,10.0,10.0,10.0,7.5,7.5,7.42,7.17,7.33,81.5
Arabica,Mexico,2012,7.58,7.17,10.0,10.0,10.0,7.33,7.33,7.42,7.25,7.42,81.5
Arabica,Mexico,2012,7.42,7.08,10.0,10.0,10.0,8.0,7.17,7.42,7.17,7.25,81.5
Arabica,Mexico,2012,7.33,7.25,10.0,10.0,10.0,7.42,7.33,7.33,7.33,7.5,81.5
Arabica,Mexico,2012,7.42,7.5,10.0,10.0,10.0,7.42,7.25,7.17,7.33,7.42,81.5
Arabica,Mexico,2012,7.5,7.42,10.0,10.0,9.33,7.58,7.42,7.5,7.25,7.5,81.5
Arabica,Indonesia,2012,7.75,7.17,10.0,10.0,10.0,7.33,7.58,7.33,7.17,7.17,81.5
Arabica,Brazil,2012,7.5,7.17,10.0,10.0,10.0,7.33,7.5,7.42,7.17,7.42,81.5
Arabica,Guatemala,2012,7.33,7.42,10.0,10.0,10.0,7.33,7.17,7.42,7.33,7.5,81.5
Arabica,Mexico,2017,7.58,7.25,10.0,10.0,10.0,7.33,7.5,7.33,7.08,7.33,81.42
Arabica,Guatemala,2016,7.42,7.42,10.0,10.0,10.0,7.25,7.33,7.58,7.08,7.33,81.42
Arabica,Brazil,2016,7.33,7.5,10.0,10.0,10.0,7.42,6.83,7.33,7.5,7.5,81.42
Arabica,Honduras,2015,7.5,7.25,10.0,10.0,10.0,7.42,7.5,7.25,7.17,7.33,81.42
Arabica,Taiwan,2014,7.83,7.08,10.0,10.0,10.0,7.08,7.08,7.17,7.42,7.75,81.42
Arabica,Malawi,2014,7.58,7.42,10.0,10.0,10.0,7.42,7.08,7.42,7.33,7.17,81.42
Arabica,Brazil,2015,7.25,7.42,10.0,10.0,10.0,7.33,7.33,7.17,7.42,7.5,81.42
Arabica,Guatemala,2014,7.42,7.08,10.0,10.0,10.0,7.42,7.42,7.42,7.17,7.5,81.42
Arabica,Mexico,2014,7.67,7.33,10.0,10.0,10.0,7.42,7.25,7.17,7.25,7.33,81.42
Arabica,Peru,2013,7.42,7.25,10.0,10.0,10.0,7.42,7.42,7.33,7.17,7.42,81.42
Arabica,Guatemala,2013,7.42,7.08,10.0,10.0,10.0,7.5,7.42,7.42,7.25,7.33,81.42
Arabica,Mexico,2012,7.42,7.58,10.0,10.0,10.0,7.42,7.25,7.17,7.25,7.33,81.42
Arabica,Mexico,2012,7.42,7.25,10.0,10.0,10.0,7.33,7.5,7.25,7.25,7.42,81.42
Arabica,Colombia,2011,7.5,7.17,10.0,10.0,10.0,7.75,7.17,7.17,7.25,7.42,81.42
Arabica,Colombia,2010,7.75,7.33,10.0,10.0,10.0,7.25,7.33,7.0,7.42,7.33,81.42
Arabica,Colombia,2016,7.5,7.25,10.0,10.0,10.0,7.42,7.33,7.17,7.33,7.33,81.33
Arabica,Honduras,2017,7.5,7.33,10.0,10.0,10.0,7.33,7.5,7.17,7.0,7.5,81.33
Arabica,Mexico,2016,7.67,7.17,10.0,10.0,10.0,7.08,7.58,7.42,7.0,7.42,81.33
Arabica,Brazil,2016,7.25,7.33,10.0,10.0,10.0,7.42,7.33,7.33,7.33,7.33,81.33
Arabica,Honduras,2015,7.58,7.42,10.0,10.0,10.0,7.17,7.17,7.42,7.17,7.42,81.33
Arabica,Brazil,2015,7.17,7.42,10.0,10.0,10.0,7.33,7.42,7.25,7.42,7.33,81.33
Arabica,Philippines,2014,7.08,7.33,10.0,10.0,10.0,7.5,7.33,7.33,7.42,7.33,81.33
Arabica,Malawi,2014,7.75,7.25,10.0,10.0,10.0,7.25,7.33,7.33,7.08,7.33,81.33
Arabica,Honduras,2014,7.33,7.33,10.0,10.0,10.0,7.33,7.5,7.33,7.17,7.33,81.33
Arabica,Mexico,2012,7.58,7.25,10.0,10.0,10.0,7.25,7.25,7.33,7.25,7.42,81.33
Arabica,Mexico,2012,7.33,7.25,10.0,10.0,10.0,7.33,7.58,7.42,7.17,7.25,81.33
Arabica,Taiwan,2015,7.83,5.25,10.0,10.0,9.33,7.75,7.83,7.83,7.67,7.75,81.25
Arabica,Brazil,2016,7.17,7.33,10.0,10.0,10.0,8.17,6.92,7.08,7.17,7.42,81.25
Arabica,Nicaragua,2015,7.08,7.5,10.0,10.0,10.0,7.25,7.42,7.17,7.33,7.5,81.25
Arabica,Honduras,2015,7.42,7.42,10.0,10.0,10.0,7.25,7.33,7.5,7.17,7.17,81.25
Arabica,Guatemala,2014,7.33,7.33,10.0,10.0,10.0,7.33,7.42,7.25,7.17,7.42,81.25
Arabica,Tanzania,2014,7.33,7.42,10.0,10.0,10.0,7.42,7.25,7.5,7.17,7.17,81.25
Arabica,Taiwan,2013,7.5,7.25,10.0,10.0,10.0,7.25,7.25,7.25,7.25,7.5,81.25
Arabica,Guatemala,2013,7.5,7.08,10.0,10.0,10.0,7.25,7.0,7.58,7.5,7.33,81.25
Arabica,Mexico,2012,7.42,7.5,10.0,10.0,9.33,7.42,7.5,7.33,7.33,7.42,81.25
Arabica,Nicaragua,2016,7.33,7.25,10.0,10.0,10.0,7.17,7.58,7.17,7.17,7.5,81.17
Arabica,Tanzania,2016,7.67,7.17,10.0,10.0,10.0,7.17,7.5,7.33,7.17,7.17,81.17
Arabica,Mexico,2015,7.75,7.17,10.0,10.0,10.0,7.25,7.08,7.25,7.08,7.58,81.17
Arabica,Costa Rica,2015,7.5,7.42,10.0,10.0,10.0,7.17,7.08,7.17,7.33,7.5,81.17
Arabica,Honduras,2015,7.42,7.33,10.0,10.0,10.0,7.33,7.33,7.42,7.0,7.33,81.17
Arabica,Thailand,2014,6.83,7.42,10.0,10.0,10.0,7.42,7.5,7.17,7.42,7.42,81.17
Arabica,Philippines,2014,7.25,7.25,10.0,10.0,10.0,7.5,7.58,7.08,7.25,7.25,81.17
Arabica,Tanzania,2014,7.58,7.33,10.0,10.0,10.0,7.25,7.33,7.33,7.17,7.17,81.17
Arabica,Malawi,2014,7.58,7.25,10.0,10.0,10.0,7.33,7.33,7.08,7.33,7.25,81.17
Arabica,Costa Rica,2014,7.33,7.25,10.0,10.0,10.0,7.58,7.33,7.25,7.33,7.08,81.17
Arabica,Brazil,2013,7.42,7.17,10.0,10.0,10.0,7.25,7.33,7.42,7.17,7.42,81.17
Arabica,Mexico,2012,7.42,7.08,10.0,10.0,10.0,7.17,7.42,7.75,7.08,7.25,81.17
Arabica,Guatemala,2012,7.42,7.25,10.0,10.0,10.0,7.42,7.25,7.25,7.33,7.25,81.17
Arabica,Brazil,2012,7.42,7.08,10.0,10.0,10.0,7.17,7.5,7.42,7.25,7.33,81.17
Arabica,Ethiopia,2016,7.42,7.25,10.0,10.0,10.0,7.17,7.42,7.33,7.17,7.33,81.08
Arabica,Brazil,2016,7.58,7.33,9.33,10.0,9.33,7.58,7.75,7.25,7.5,7.42,81.08
Arabica,Nicaragua,2015,7.33,7.0,10.0,10.0,10.0,7.33,7.33,7.42,7.33,7.33,81.08
Arabica,United States,2014,7.42,7.17,10.0,10.0,10.0,7.33,7.25,7.42,7.33,7.17,81.08
Arabica,Tanzania,2014,7.42,7.17,10.0,10.0,10.0,7.33,7.25,7.25,7.33,7.33,81.08
Arabica,Costa Rica,2014,7.42,7.17,10.0,10.0,10.0,7.58,7.25,7.25,7.17,7.25,81.08
Arabica,United States (Puerto Rico),2013,7.67,8.5,10.0,10.0,6.67,7.67,7.58,7.58,7.67,7.75,81.08
Arabica,Mexico,2012,7.25,7.25,10.0,10.0,10.0,7.33,7.17,7.33,7.33,7.42,81.08
Arabica,Mexico,2012,7.33,7.08,10.0,10.0,10.0,7.42,7.25,7.42,7.33,7.25,81.08
Arabica,Mexico,2012,7.33,7.25,10.0,10.0,10.0,7.25,7.25,7.42,7.25,7.33,81.08
Arabica,Mexico,2012,7.42,7.25,10.0,10.0,10.0,7.25,7.17,7.42,7.25,7.33,81.08
Arabica,United States (Hawaii),2012,7.42,7.33,10.0,10.0,10.0,7.17,6.92,7.58,7.25,7.42,81.08
Arabica,El Salvador,2017,7.42,7.25,10.0,10.0,10.0,7.58,7.25,7.33,7.08,7.08,81.0
Arabica,Brazil,2017,7.33,7.17,10.0,10.0,10.0,7.17,7.33,7.67,7.17,7.17,81.0
Arabica,Guatemala,2016,7.42,7.25,10.0,10.0,10.0,7.17,7.25,7.5,7.17,7.25,81.0
Arabica,Colombia,2016,7.67,7.75,10.0,10.0,10.0,7.75,7.67,5.25,7.42,7.5,81.0
Arabica,Guatemala,2015,7.5,7.25,10.0,10.0,10.0,7.25,7.5,7.25,7.0,7.25,81.0
Arabica,Taiwan,2015,7.25,7.33,10.0,10.0,10.0,7.33,7.5,7.25,7.17,7.17,81.0
Arabica,Honduras,2014,7.42,7.33,10.0,10.0,10.0,7.17,7.25,7.33,7.25,7.25,81.0
Arabica,Brazil,2014,7.67,7.75,10.0,6.67,10.0,7.75,7.83,7.75,7.83,7.75,81.0
Arabica,Tanzania,2014,7.33,7.33,10.0,10.0,10.0,7.33,7.17,7.42,7.08,7.33,81.0
Arabica,Uganda,2013,7.33,7.42,10.0,10.0,10.0,7.42,7.42,7.33,7.17,6.92,81.0
Arabica,Taiwan,2013,7.5,7.25,10.0,10.0,10.0,7.33,7.33,7.33,7.33,6.92,81.0
Arabica,Thailand,2012,7.33,7.17,10.0,10.0,10.0,7.17,7.25,7.42,7.25,7.42,81.0
Arabica,Mexico,2012,7.08,7.25,10.0,10.0,10.0,7.25,7.42,7.33,7.33,7.33,81.0
Arabica,Mexico,2012,7.58,7.5,10.0,10.0,8.0,7.5,7.58,7.67,7.5,7.67,81.0
Arabica,Taiwan,2017,7.33,7.25,10.0,10.0,10.0,7.25,7.33,7.33,7.25,7.17,80.92
Arabica,Guatemala,2017,7.67,7.5,9.33,9.33,9.33,7.5,7.67,7.58,7.33,7.67,80.92
Arabica,Kenya,2017,7.17,5.42,10.0,10.0,10.0,7.75,8.0,7.5,7.5,7.58,80.92
Arabica,Mexico,2017,7.5,7.33,10.0,10.0,9.33,7.33,7.5,7.42,7.17,7.33,80.92
Arabica,Myanmar,2015,7.17,7.42,10.0,10.0,10.0,7.0,7.33,7.58,7.0,7.42,80.92
Arabica,United States (Hawaii),2014,7.42,7.25,10.0,10.0,10.0,7.25,7.58,7.17,7.17,7.08,80.92
Arabica,Tanzania,2014,7.33,7.25,10.0,10.0,10.0,7.33,7.42,7.25,7.17,7.17,80.92
Arabica,Brazil,2015,7.25,7.25,10.0,10.0,10.0,7.33,7.25,7.25,7.25,7.33,80.92
Arabica,Taiwan,2014,7.92,6.75,10.0,10.0,10.0,7.08,7.08,7.08,7.33,7.67,80.92
Arabica,Brazil,2015,7.17,7.33,10.0,10.0,10.0,7.33,7.25,7.25,7.17,7.42,80.92
Arabica,Nicaragua,2013,7.33,7.33,10.0,10.0,10.0,7.42,7.5,7.0,7.25,7.08,80.92
Arabica,Guatemala,2014,7.58,7.08,10.0,10.0,10.0,7.17,7.25,7.5,6.92,7.42,80.92
Arabica,Taiwan,2013,7.42,7.25,10.0,10.0,10.0,7.25,7.25,7.25,7.25,7.25,80.92
Arabica,Taiwan,2013,7.25,7.17,10.0,10.0,10.0,8.08,7.08,7.08,7.08,7.17,80.92
Arabica,Taiwan,2013,7.42,7.25,10.0,10.0,10.0,7.25,7.25,7.25,7.25,7.25,80.92
Arabica,Mexico,2012,7.58,7.0,10.0,10.0,10.0,7.25,7.17,7.5,7.08,7.33,80.92
Arabica,Laos,2016,7.42,7.33,10.0,10.0,10.0,7.25,7.17,7.17,7.17,7.33,80.83
Arabica,Guatemala,2013,7.67,7.08,10.0,10.0,10.0,7.25,7.17,7.33,7.08,7.25,80.83
Arabica,Mexico,2012,7.17,7.33,10.0,10.0,10.0,7.33,7.25,7.42,7.25,7.08,80.83
Arabica,Mexico,2012,7.33,7.17,10.0,10.0,10.0,7.17,7.25,7.33,7.33,7.25,80.83
Arabica,Mexico,2012,7.5,7.25,10.0,10.0,10.0,7.17,7.17,7.25,7.33,7.17,80.83
Arabica,United States (Hawaii),2012,7.42,7.0,10.0,10.0,10.0,7.5,7.33,7.25,7.0,7.33,80.83
Arabica,Colombia,2010,7.33,7.33,10.0,10.0,10.0,7.67,7.33,6.83,7.0,7.33,80.83
Arabica,Brazil,2016,7.17,7.25,10.0,10.0,10.0,7.58,7.25,7.17,7.08,7.25,80.75
Arabica,Myanmar,2015,6.92,7.17,10.0,10.0,10.0,7.08,7.5,7.58,7.0,7.5,80.75
Arabica,Guatemala,2015,7.5,7.17,10.0,10.0,10.0,7.17,7.17,7.42,7.0,7.33,80.75
Arabica,Nicaragua,2015,7.25,7.25,10.0,10.0,10.0,7.25,7.33,7.25,7.17,7.25,80.75
Arabica,Honduras,2015,7.5,7.08,10.0,10.0,10.0,7.17,7.25,7.42,7.0,7.33,80.75
Arabica,Panama,2014,7.25,7.17,10.0,10.0,10.0,7.17,7.33,7.33,7.17,7.33,80.75
Arabica,Honduras,2015,7.42,7.17,10.0,10.0,10.0,7.25,7.25,7.42,7.08,7.17,80.75
Arabica,Honduras,2015,7.25,7.0,10.0,10.0,10.0,7.33,7.25,7.5,7.08,7.33,80.75
Arabica,Costa Rica,2014,7.33,7.25,10.0,10.0,10.0,7.17,7.17,7.25,7.25,7.33,80.75
Arabica,Mexico,2012,7.58,7.5,10.0,9.33,9.33,7.5,7.5,7.25,7.42,7.33,80.75
Arabica,Haiti,2012,7.42,7.25,10.0,10.0,10.0,7.33,7.08,7.25,7.42,7.0,80.75
Arabica,United States (Hawaii),2011,7.08,6.92,10.0,10.0,10.0,7.67,7.33,7.25,7.17,7.33,80.75
Arabica,Taiwan,2016,7.33,7.33,10.0,10.0,10.0,7.33,7.42,7.08,7.08,7.08,80.67
Arabica,Indonesia,2015,7.58,7.33,10.0,9.33,9.33,7.5,7.5,7.67,7.0,7.42,80.67
Arabica,Guatemala,2016,7.67,7.0,10.0,10.0,10.0,7.17,7.42,7.17,6.83,7.42,80.67
Arabica,Costa Rica,2015,7.83,8.0,10.0,10.0,6.67,7.5,7.83,7.67,7.67,7.5,80.67
Arabica,Malawi,2014,7.5,7.17,10.0,10.0,10.0,7.17,7.25,7.17,7.17,7.25,80.67
Arabica,Mexico,2014,7.25,7.25,10.0,10.0,10.0,7.42,7.17,7.25,7.17,7.17,80.67
Arabica,Colombia,2014,7.67,8.5,6.67,10.0,10.0,7.75,7.5,7.67,7.42,7.5,80.67
Arabica,Guatemala,2013,7.67,7.33,10.0,10.0,10.0,7.0,7.0,7.5,7.0,7.17,80.67
Arabica,Guatemala,2012,7.0,7.17,10.0,10.0,10.0,7.33,7.0,7.33,7.5,7.33,80.67
Arabica,Guatemala,2012,7.0,7.33,10.0,10.0,10.0,7.17,7.17,7.17,7.33,7.5,80.67
Arabica,Brazil,2016,7.33,7.42,10.0,10.0,9.33,7.25,7.58,7.08,7.33,7.25,80.58
Arabica,Nicaragua,2016,7.08,7.33,10.0,10.0,10.0,7.0,7.42,7.25,7.0,7.5,80.58
Arabica,Tanzania,2014,7.25,7.25,10.0,10.0,10.0,7.25,7.33,7.33,7.08,7.08,80.58
Arabica,Brazil,2015,7.42,7.25,10.0,10.0,10.0,7.25,7.08,7.0,7.33,7.25,80.58
Arabica,Honduras,2014,7.5,7.17,10.0,10.0,10.0,7.0,7.33,7.42,7.0,7.17,80.58
Arabica,Guatemala,2014,7.17,7.25,10.0,10.0,10.0,7.25,7.17,7.5,6.83,7.42,80.58
Arabica,Taiwan,2017,7.17,7.17,10.0,10.0,10.0,7.25,7.17,7.42,7.17,7.17,80.5
Arabica,Guatemala,2017,7.33,7.25,10.0,10.0,10.0,7.17,7.25,7.17,7.08,7.25,80.5
Arabica,Honduras,2017,7.58,7.0,10.0,10.0,10.0,7.08,7.33,7.17,7.0,7.33,80.5
Arabica,Mauritius,2016,7.25,7.25,10.0,10.0,10.0,7.17,7.25,7.17,7.17,7.25,80.5
Arabica,Brazil,2016,7.25,7.33,10.0,10.0,9.33,7.25,7.33,7.5,7.17,7.33,80.5
Arabica,Myanmar,2015,7.17,7.08,10.0,10.0,10.0,7.08,7.25,7.42,7.17,7.33,80.5
Arabica,Guatemala,2014,7.5,7.17,10.0,10.0,10.0,7.17,7.17,7.5,6.83,7.17,80.5
Arabica,Brazil,2013,7.42,7.42,10.0,9.33,9.33,7.5,7.67,7.33,7.08,7.42,80.5
Arabica,United States (Hawaii),2013,7.42,7.17,10.0,10.0,8.67,7.42,7.58,7.58,7.33,7.33,80.5
Arabica,Guatemala,2013,7.5,6.67,10.0,10.0,10.0,7.0,7.17,7.67,7.0,7.5,80.5
Arabica,Mexico,2012,7.25,7.17,10.0,10.0,10.0,7.17,7.25,7.33,7.08,7.25,80.5
Arabica,Honduras,2016,7.25,7.0,10.0,10.0,10.0,7.0,7.33,7.42,7.0,7.42,80.42
Arabica,Taiwan,2014,7.58,7.0,10.0,10.0,10.0,7.17,7.17,7.17,7.17,7.17,80.42
Arabica,El Salvador,2013,7.33,7.25,10.0,10.0,10.0,7.17,7.33,7.08,7.08,7.17,80.42
Arabica,China,2013,7.25,7.17,10.0,10.0,10.0,7.17,7.33,7.17,7.25,7.08,80.42
Arabica,Taiwan,2013,7.25,7.0,10.0,10.0,10.0,7.25,7.25,7.25,7.17,7.25,80.42
Arabica,Mexico,2012,6.92,7.25,10.0,10.0,10.0,7.17,7.33,7.5,7.08,7.17,80.42
Arabica,Mexico,2012,7.42,7.08,10.0,10.0,10.0,7.17,7.25,7.33,7.08,7.08,80.42
Arabica,Burundi,2016,7.08,7.33,10.0,10.0,10.0,7.08,7.08,7.33,7.17,7.25,80.33
Arabica,Tanzania,2016,7.25,7.17,10.0,10.0,10.0,7.08,7.42,7.25,7.0,7.17,80.33
Arabica,Tanzania,2014,7.25,7.08,10.0,10.0,10.0,7.08,7.25,7.25,7.25,7.17,80.33
Arabica,Taiwan,2013,7.25,7.0,10.0,10.0,10.0,7.25,7.25,7.25,7.08,7.25,80.33
Arabica,Guatemala,2013,7.33,7.17,10.0,10.0,10.0,7.17,7.0,7.5,6.83,7.33,80.33
Arabica,Mexico,2012,7.25,7.08,10.0,10.0,10.0,7.17,7.33,7.33,7.08,7.08,80.33
Arabica,United States (Hawaii),2012,7.17,7.08,10.0,10.0,9.33,7.33,7.67,7.33,6.92,7.5,80.33
Arabica,Ethiopia,2010,7.25,7.08,10.0,9.33,9.33,8.0,7.5,7.33,7.25,7.25,80.33
Arabica,Brazil,2017,7.17,7.25,10.0,10.0,10.0,7.0,7.0,7.08,7.42,7.33,80.25
Arabica,Honduras,2016,7.25,7.33,10.0,10.0,10.0,7.0,7.42,7.0,7.0,7.25,80.25
Arabica,Mexico,2016,7.25,7.17,10.0,10.0,10.0,7.0,7.33,7.33,7.0,7.17,80.25
Arabica,Myanmar,2015,8.0,6.83,10.0,10.0,10.0,6.92,7.08,7.33,7.0,7.08,80.25
Arabica,Myanmar,2014,7.42,7.25,10.0,10.0,10.0,7.33,7.17,7.0,7.08,7.0,80.25
Arabica,Nicaragua,2015,7.08,7.25,10.0,10.0,10.0,7.25,7.5,7.25,7.0,6.92,80.25
Arabica,United States (Hawaii),2014,7.5,7.33,9.33,9.33,9.33,7.58,7.42,7.67,7.67,7.08,80.25
Arabica,Colombia,2012,7.42,7.58,8.67,8.67,8.67,7.58,8.08,7.75,7.83,8.0,80.25
Arabica,Taiwan,2013,7.25,7.0,10.0,10.0,10.0,7.25,7.17,7.25,7.25,7.08,80.25
Arabica,Guatemala,2012,7.0,7.25,10.0,10.0,10.0,7.17,7.0,7.33,7.33,7.17,80.25
Arabica,Mexico,2012,7.58,7.17,10.0,10.0,10.0,7.0,6.75,7.25,7.17,7.33,80.25
Arabica,Vietnam,2017,7.42,7.25,10.0,10.0,8.67,7.33,7.42,7.58,7.25,7.25,80.17
Arabica,Nicaragua,2015,7.17,7.17,10.0,10.0,10.0,7.08,7.25,7.33,7.08,7.08,80.17
Arabica,Honduras,2015,7.25,7.33,10.0,10.0,10.0,7.08,7.08,7.17,7.0,7.25,80.17
Arabica,Guatemala,2013,7.33,7.0,10.0,10.0,10.0,7.17,7.17,7.17,7.0,7.33,80.17
Arabica,Mexico,2012,7.33,7.08,10.0,10.0,10.0,7.08,7.25,7.42,6.92,7.08,80.17
Arabica,Mexico,2012,7.58,7.42,10.0,10.0,8.67,7.17,7.08,7.5,7.33,7.42,80.17
Arabica,Mexico,2012,7.33,7.0,10.0,10.0,10.0,7.0,7.25,7.08,7.17,7.33,80.17
Arabica,Guatemala,2012,7.33,7.17,10.0,10.0,10.0,7.0,7.0,7.33,7.0,7.33,80.17
Arabica,Brazil,2017,7.17,7.08,10.0,10.0,10.0,7.25,7.25,7.17,7.0,7.17,80.08
Arabica,Taiwan,2014,7.42,7.0,10.0,10.0,10.0,7.0,7.0,7.17,7.25,7.25,80.08
Arabica,Nicaragua,2013,7.25,7.08,10.0,10.0,10.0,7.25,7.17,7.25,6.92,7.17,80.08
Arabica,Taiwan,2013,7.25,7.0,10.0,10.0,10.0,7.0,7.08,7.25,7.25,7.25,80.08
Arabica,Taiwan,2013,7.25,7.0,10.0,10.0,10.0,7.08,7.25,7.0,7.25,7.25,80.08
Arabica,Taiwan,2013,7.25,7.0,10.0,10.0,10.0,7.08,7.17,7.08,7.25,7.25,80.08
Arabica,Mexico,2012,7.33,7.08,10.0,10.0,10.0,7.08,7.08,7.08,7.25,7.17,80.08
Arabica,Mexico,2012,7.25,7.08,10.0,10.0,10.0,7.17,7.33,7.17,7.0,7.08,80.08
Arabica,Nicaragua,2017,7.33,7.0,10.0,10.0,10.0,7.17,7.42,7.08,6.92,7.08,80.0
Arabica,Myanmar,2015,7.17,6.92,10.0,10.0,10.0,7.0,7.17,7.42,7.0,7.33,80.0
Arabica,Mexico,2014,7.58,7.42,10.0,8.67,8.67,7.5,7.5,7.5,7.42,7.75,80.0
Arabica,Taiwan,2013,7.25,7.0,10.0,10.0,10.0,7.0,7.25,7.0,7.25,7.25,80.0
Arabica,Thailand,2012,7.33,7.0,10.0,10.0,10.0,7.08,7.42,7.42,7.08,6.67,80.0
Arabica,Mexico,2012,7.25,7.25,10.0,10.0,9.33,7.33,7.33,7.17,7.08,7.25,80.0
Arabica,Mexico,2012,7.08,7.17,10.0,10.0,10.0,7.0,7.08,7.33,7.0,7.33,80.0
Arabica,Ethiopia,2010,7.42,7.75,8.67,9.33,8.67,7.58,7.75,7.92,7.5,7.42,80.0
Arabica,Colombia,2015,7.83,7.42,10.0,10.0,6.67,7.17,7.83,7.75,7.58,7.67,79.92
Arabica,United States (Hawaii),2014,7.5,7.0,10.0,10.0,10.0,7.17,7.33,6.92,7.0,7.0,79.92
Arabica,Mexico,2013,7.33,7.17,10.0,10.0,9.33,7.17,7.42,7.33,7.08,7.08,79.92
Arabica,Mexico,2012,7.17,7.0,10.0,10.0,10.0,7.08,7.33,7.25,6.92,7.17,79.92
Arabica,Mexico,2012,7.5,6.75,10.0,10.0,10.0,7.08,7.25,7.17,7.0,7.17,79.92
Arabica,Mexico,2012,7.17,7.33,10.0,10.0,9.33,7.33,7.5,7.08,7.08,7.08,79.92
Arabica,Mexico,2012,7.33,7.25,10.0,10.0,9.33,7.17,7.17,7.42,7.0,7.25,79.92
Arabica,Mexico,2012,7.17,7.0,10.0,9.33,10.0,7.08,7.33,7.58,7.08,7.33,79.92
Arabica,Kenya,2017,7.0,7.08,10.0,10.0,10.0,7.25,7.25,7.17,7.0,7.08,79.83
Arabica,Guatemala,2017,7.33,7.08,10.0,10.0,9.33,7.33,7.25,7.33,6.92,7.25,79.83
Arabica,Nicaragua,2014,6.83,7.17,10.0,10.0,10.0,7.08,7.5,6.92,7.17,7.17,79.83
Arabica,Mexico,2012,7.17,6.83,10.0,10.0,10.0,7.0,7.5,7.25,7.0,7.08,79.83
Arabica,United States (Hawaii),2012,7.58,7.17,10.0,10.0,9.33,7.17,7.5,7.17,6.83,7.08,79.83
Arabica,Guatemala,2016,7.5,7.25,9.33,9.33,9.33,7.42,7.33,7.58,7.25,7.42,79.75
Arabica,Taiwan,2014,7.75,7.33,8.67,9.33,9.33,7.83,7.67,7.33,7.17,7.33,79.75
Arabica,Taiwan,2013,7.08,7.0,10.0,10.0,10.0,7.17,7.17,7.0,7.25,7.08,79.75
Arabica,Thailand,2013,7.25,7.0,10.0,10.0,10.0,6.92,7.08,7.5,6.92,7.08,79.75
Arabica,Peru,2013,7.0,7.17,10.0,10.0,9.33,7.42,7.5,7.25,7.0,7.08,79.75
Arabica,Costa Rica,2013,7.58,8.0,10.0,8.0,8.0,7.58,7.67,7.75,7.67,7.5,79.75
Arabica,Mexico,2013,7.58,6.67,10.0,10.0,10.0,6.92,7.5,7.0,7.0,7.08,79.75
Arabica,Mexico,2013,7.58,6.83,10.0,9.33,10.0,6.92,7.5,7.58,6.92,7.08,79.75
Arabica,Mexico,2013,7.25,7.0,10.0,10.0,10.0,7.08,7.17,7.17,7.0,7.08,79.75
Arabica,Mexico,2012,7.25,6.92,10.0,10.0,10.0,7.0,7.17,7.08,7.17,7.17,79.75
Arabica,Mexico,2012,7.33,7.0,10.0,10.0,10.0,7.0,7.08,7.08,7.0,7.25,79.75
Arabica,Guatemala,2012,7.58,7.67,9.33,9.33,9.33,7.33,7.0,7.33,7.5,7.33,79.75
Arabica,Mexico,2012,7.25,7.33,10.0,10.0,10.0,7.08,7.25,7.08,6.92,6.83,79.75
Arabica,Guatemala,2016,7.42,7.25,9.33,9.33,9.33,7.33,7.42,7.58,7.25,7.42,79.67
Arabica,El Salvador,2016,7.25,7.0,10.0,10.0,10.0,7.17,7.33,6.83,7.0,7.08,79.67
Arabica,Thailand,2013,6.92,7.08,10.0,10.0,10.0,7.08,7.17,7.42,6.83,7.17,79.67
Arabica,Guatemala,2013,7.5,7.0,10.0,10.0,10.0,7.17,7.08,7.08,6.83,7.0,79.67
Arabica,Mexico,2013,7.42,6.83,10.0,10.0,10.0,6.58,7.17,7.58,6.83,7.25,79.67
Arabica,Mexico,2012,7.33,7.33,10.0,10.0,10.0,7.0,7.08,6.75,7.0,7.17,79.67
Arabica,Mexico,2012,6.92,7.08,10.0,10.0,10.0,7.08,7.08,7.17,7.17,7.17,79.67
Arabica,Mexico,2012,7.08,6.92,10.0,10.0,10.0,7.08,7.25,7.33,6.92,7.0,79.58
Arabica,Mexico,2012,7.25,6.92,10.0,10.0,10.0,7.0,7.25,7.33,6.92,6.92,79.58
Arabica,Guatemala,2010,7.08,7.08,10.0,10.0,10.0,7.0,7.25,7.33,6.83,7.0,79.58
Arabica,Nicaragua,2015,6.92,7.0,10.0,10.0,10.0,7.0,7.25,7.42,7.0,6.92,79.5
Arabica,Taiwan,2014,6.92,7.0,10.0,10.0,10.0,7.0,7.42,7.0,7.17,7.0,79.5
Arabica,Colombia,2013,7.83,7.5,10.0,6.67,10.0,7.5,7.67,7.42,7.42,7.5,79.5
Arabica,Mexico,2012,7.25,7.0,10.0,10.0,9.33,7.08,7.58,7.25,6.92,7.08,79.5
Arabica,Mexico,2012,7.25,7.0,10.0,10.0,9.33,7.17,7.17,7.25,7.0,7.33,79.5
Arabica,Guatemala,2013,7.08,7.42,9.33,9.33,9.33,7.42,7.33,7.58,7.25,7.33,79.42
Arabica,Guatemala,2014,7.25,6.83,10.0,10.0,10.0,7.17,7.0,7.0,6.83,7.33,79.42
Arabica,Mexico,2012,7.0,6.83,10.0,10.0,10.0,7.17,7.33,7.42,6.83,6.83,79.42
Arabica,Colombia,2013,7.42,7.33,10.0,9.33,9.33,7.25,7.42,7.25,6.75,7.25,79.33
Arabica,Mexico,2012,7.0,6.83,10.0,10.0,10.0,6.92,7.42,7.33,6.83,7.0,79.33
Arabica,Mexico,2012,7.42,7.0,10.0,10.0,9.33,7.08,7.08,7.17,7.08,7.17,79.33
Arabica,Guatemala,2012,7.17,7.17,10.0,10.0,10.0,7.33,7.58,7.25,6.33,6.5,79.33
Arabica,Taiwan,2014,7.08,6.75,10.0,10.0,10.0,7.08,7.42,7.25,6.83,6.83,79.25
Arabica,Mexico,2012,7.0,6.92,10.0,10.0,10.0,7.08,7.17,7.17,6.92,7.0,79.25
Arabica,Guatemala,2017,7.33,7.42,9.33,9.33,8.67,7.42,7.5,7.42,7.33,7.42,79.17
Arabica,Honduras,2017,7.58,7.0,10.0,10.0,10.0,6.92,7.0,6.92,6.75,7.0,79.17
Arabica,Guatemala,2016,7.08,6.83,10.0,10.0,10.0,6.92,7.0,7.42,6.92,7.0,79.17
Arabica,Guatemala,2015,7.25,6.83,10.0,10.0,10.0,6.92,7.0,7.25,6.75,7.17,79.17
Arabica,Costa Rica,2012,7.17,7.33,6.67,10.0,10.0,7.83,7.25,8.0,7.5,7.42,79.17
Arabica,Mexico,2012,7.25,7.17,10.0,10.0,9.33,7.17,7.17,7.08,6.92,7.08,79.17
Arabica,Mexico,2012,7.17,6.92,10.0,10.0,10.0,7.0,7.17,7.08,6.92,6.92,79.17
Arabica,Guatemala,2017,7.58,7.67,8.67,8.67,8.67,7.67,7.67,7.42,7.42,7.67,79.08
Arabica,United States (Puerto Rico),2013,7.42,6.92,10.0,9.33,10.0,6.92,7.33,7.33,6.75,7.08,79.08
Arabica,Mexico,2012,7.33,6.83,10.0,10.0,9.33,7.08,7.33,7.25,6.92,7.0,79.08
Arabica,Mexico,2012,7.25,6.92,10.0,10.0,9.33,7.0,7.42,7.33,6.75,7.08,79.08
Arabica,Mexico,2012,7.17,7.25,10.0,9.33,9.33,7.08,7.25,7.17,7.25,7.25,79.08
Arabica,Guatemala,2014,7.33,6.58,10.0,10.0,10.0,6.83,7.08,7.42,6.58,7.17,79.0
Arabica,Honduras,2014,7.0,7.0,10.0,10.0,10.0,7.0,7.0,7.0,7.0,7.0,79.0
Arabica,Peru,2012,7.67,7.0,9.33,9.33,8.67,7.5,8.0,7.25,7.08,7.17,79.0
Arabica,Mexico,2012,6.75,7.0,10.0,10.0,10.0,7.08,7.17,7.25,6.67,7.08,79.0
Arabica,Mexico,2012,7.5,7.0,10.0,10.0,8.67,7.0,7.25,7.5,6.92,7.17,79.0
Arabica,Mexico,2012,7.17,6.83,10.0,10.0,10.0,6.92,7.17,7.25,6.83,6.83,79.0
Arabica,Mexico,2013,7.33,7.0,10.0,10.0,9.33,7.25,7.17,7.08,6.75,7.0,78.92
Arabica,Mexico,2012,7.5,6.75,10.0,10.0,10.0,6.75,6.92,7.08,6.92,7.0,78.92
Arabica,Nicaragua,2016,7.17,6.75,10.0,10.0,10.0,7.0,7.0,7.0,6.92,7.0,78.83
Arabica,United States (Hawaii),2013,7.5,7.17,9.33,9.33,9.33,7.42,7.58,7.25,6.92,6.92,78.75
Arabica,Guatemala,2013,7.33,6.75,10.0,10.0,10.0,7.0,7.0,7.25,6.33,7.08,78.75
Arabica,Mexico,2012,7.25,6.67,10.0,10.0,10.0,7.0,7.17,7.0,6.83,6.83,78.75
Arabica,Mexico,2012,7.25,7.0,10.0,10.0,8.67,7.0,7.08,7.25,7.17,7.33,78.75
Arabica,Mexico,2012,7.67,7.0,8.67,10.0,9.33,7.17,7.58,7.33,6.83,7.17,78.75
Arabica,China,2013,7.0,7.08,9.33,10.0,10.0,7.17,7.17,7.17,6.83,6.92,78.67
Arabica,Mexico,2012,6.92,6.83,10.0,10.0,10.0,6.92,7.17,7.25,6.67,6.92,78.67
Arabica,Nicaragua,2016,7.08,6.92,10.0,10.0,10.0,6.92,7.08,6.83,6.75,7.0,78.58
Arabica,Nicaragua,2014,6.83,6.67,10.0,10.0,10.0,7.08,7.25,6.75,6.92,7.08,78.58
Arabica,Guatemala,2014,7.33,7.17,10.0,9.33,8.67,7.17,7.25,7.58,6.92,7.17,78.58
Arabica,Taiwan,2013,6.83,6.67,10.0,10.0,10.0,6.92,7.0,7.25,7.17,6.75,78.58
Arabica,Mexico,2012,7.0,6.67,10.0,10.0,10.0,6.92,6.92,7.33,6.75,7.0,78.58
Arabica,Mexico,2012,7.92,7.5,10.0,6.67,8.0,7.5,7.92,7.92,7.58,7.58,78.58
Arabica,Mexico,2014,7.25,7.17,10.0,9.33,9.33,7.58,7.25,6.92,6.92,6.75,78.5
Arabica,Mexico,2012,7.08,6.83,10.0,10.0,10.0,6.92,7.0,7.0,6.83,6.83,78.5
Arabica,Mexico,2012,7.25,6.92,10.0,10.0,8.67,7.08,7.58,6.83,7.0,7.17,78.5
Arabica,Brazil,2015,6.83,6.83,10.0,10.0,10.0,6.83,6.92,7.08,6.92,7.0,78.42
Arabica,Mexico,2012,7.58,7.17,10.0,10.0,8.0,7.0,7.33,7.17,7.0,7.17,78.42
Arabica,United States (Hawaii),2014,7.5,7.83,8.67,8.0,7.33,7.92,7.92,7.83,7.58,7.75,78.33
Arabica,Guatemala,2014,7.17,6.67,10.0,10.0,10.0,7.17,7.17,7.0,6.67,6.5,78.33
Arabica,Guatemala,2012,7.17,6.5,10.0,10.0,10.0,6.83,7.0,7.17,6.5,7.17,78.33
Arabica,Mexico,2012,7.25,7.75,10.0,9.33,8.0,7.42,7.33,7.5,7.0,7.25,78.33
Arabica,Guatemala,2012,7.17,7.0,10.0,10.0,10.0,7.33,7.33,7.25,6.17,6.08,78.33
Arabica,United States (Hawaii),2014,7.5,7.42,8.67,8.67,8.67,7.42,7.5,7.58,7.33,7.5,78.25
Arabica,United States (Hawaii),2012,7.42,7.25,9.33,8.67,8.0,7.75,7.67,7.5,7.33,7.33,78.25
Arabica,Indonesia,2016,6.92,6.83,10.0,10.0,10.0,6.83,6.92,6.92,6.92,6.83,78.17
Arabica,Mexico,2012,7.08,6.75,10.0,9.33,10.0,6.92,7.25,7.25,6.67,6.83,78.08
Arabica,Taiwan,2016,7.5,7.25,10.0,10.0,6.67,7.5,7.5,7.17,7.33,7.08,78.0
Arabica,Honduras,2014,6.83,6.67,10.0,10.0,10.0,6.83,7.0,7.0,6.67,7.0,78.0
Arabica,United States (Hawaii),2014,7.58,7.33,9.33,8.67,8.0,7.33,7.5,7.42,7.5,7.33,78.0
Arabica,Guatemala,2014,7.42,7.25,9.33,9.33,9.33,6.92,7.0,7.33,6.83,7.25,78.0
Arabica,China,2013,7.33,7.17,9.33,9.33,9.33,7.0,7.33,7.08,6.92,7.17,78.0
Arabica,Guatemala,2013,7.0,6.67,10.0,10.0,10.0,6.83,6.67,7.17,6.83,6.83,78.0
Arabica,Mexico,2012,7.25,7.08,8.0,10.0,10.0,7.08,7.25,7.0,7.0,7.33,78.0
Arabica,Costa Rica,2014,7.5,6.83,10.0,9.33,8.67,6.83,7.08,7.0,7.42,7.25,77.92
Arabica,Mexico,2012,7.42,6.92,10.0,10.0,8.0,7.08,7.25,7.0,7.0,7.25,77.92
Arabica,Guatemala,2012,7.17,7.17,10.0,10.0,10.0,6.83,7.33,7.08,6.17,6.17,77.92
Arabica,Nicaragua,2016,7.42,7.17,10.0,8.67,9.33,7.0,7.08,7.17,7.0,7.0,77.83
Arabica,Brazil,2014,7.0,6.67,10.0,10.0,10.0,6.83,7.08,6.83,6.67,6.75,77.83
Arabica,Guatemala,2013,7.0,6.5,10.0,10.0,10.0,6.83,6.83,7.17,6.67,6.83,77.83
Arabica,Taiwan,2012,7.17,6.67,10.0,9.33,9.33,7.17,7.33,7.33,6.58,6.75,77.67
Arabica,United States (Hawaii),2013,7.58,7.58,6.0,9.33,9.33,7.42,7.42,7.67,7.58,7.67,77.58
Arabica,Mexico,2012,7.17,6.67,10.0,10.0,10.0,6.75,6.83,6.75,6.58,6.75,77.5
Arabica,Guatemala,2013,7.08,6.17,10.0,10.0,10.0,7.0,6.92,7.0,6.33,6.92,77.42
Arabica,Brazil,2017,7.5,7.0,10.0,8.0,8.0,6.92,7.58,7.58,7.42,7.33,77.33
Arabica,Guatemala,2014,7.33,6.67,9.33,9.33,9.33,7.17,7.17,7.17,6.83,7.0,77.33
Arabica,Mexico,2012,7.33,6.83,10.0,9.33,9.33,6.92,6.92,7.0,6.67,7.0,77.33
Arabica,Haiti,2013,6.83,6.83,10.0,10.0,9.33,6.92,6.92,6.75,6.83,6.83,77.25
Arabica,United States (Hawaii),2013,7.08,6.75,10.0,9.33,8.67,7.42,7.58,6.67,6.83,6.92,77.25
Arabica,Mexico,2012,7.08,6.92,10.0,8.67,8.67,7.25,7.33,7.25,7.0,7.0,77.17
Arabica,Peru,2014,7.42,7.67,9.33,5.33,8.67,7.83,7.92,7.67,7.42,7.75,77.0
Arabica,India,2016,7.67,7.42,6.67,10.0,9.33,7.42,7.17,6.67,7.17,7.33,76.83
Arabica,Guatemala,2012,6.42,6.5,10.0,10.0,10.0,6.92,6.33,7.33,6.5,6.5,76.5
Arabica,Mexico,2012,7.17,6.58,10.0,9.33,9.33,6.58,7.25,7.0,6.58,6.58,76.42
Arabica,Guatemala,2012,7.5,7.0,8.67,8.67,8.67,7.33,7.17,7.5,6.83,7.0,76.33
Arabica,Guatemala,2012,6.17,6.17,10.0,10.0,10.0,6.83,7.0,7.17,6.5,6.5,76.33
Arabica,United States (Hawaii),2014,7.25,7.08,9.33,8.67,8.67,6.83,7.33,7.17,6.83,7.08,76.25
Arabica,United States (Hawaii),2013,7.5,7.5,8.0,8.0,8.0,7.25,7.67,7.58,7.33,7.33,76.17
Arabica,Mexico,2012,7.42,6.75,10.0,10.0,7.33,6.83,6.92,7.08,6.83,7.0,76.17
Arabica,Indonesia,2011,7.33,6.67,9.33,10.0,9.33,6.33,7.58,6.08,6.5,7.0,76.17
Arabica,Mexico,2012,7.08,6.58,10.0,7.33,10.0,7.08,7.17,7.17,6.83,6.83,76.08
Arabica,Honduras,2014,6.83,7.0,10.0,8.67,9.33,6.83,7.0,6.83,6.67,6.83,76.0
Arabica,Philippines,2012,6.83,6.67,9.33,10.0,9.33,7.0,6.75,6.92,6.5,6.5,75.83
Arabica,Brazil,2017,7.17,7.0,10.0,8.0,8.0,7.0,7.17,7.5,6.83,7.0,75.67
Arabica,Guatemala,2012,7.92,6.83,8.0,8.0,8.0,7.17,7.33,7.58,7.17,7.58,75.58
Arabica,Guatemala,2012,6.67,6.5,10.0,10.0,8.67,6.75,7.17,7.0,6.33,6.5,75.58
Arabica,Mexico,2012,7.5,6.83,10.0,8.0,8.0,6.83,7.17,7.0,6.92,7.25,75.5
Arabica,Mexico,2012,7.17,6.58,10.0,6.0,10.0,7.75,7.25,6.83,6.67,6.92,75.17
Arabica,Mexico,2012,7.25,6.67,10.0,6.67,10.0,6.83,7.17,7.08,6.67,6.83,75.17
Arabica,Mexico,2012,7.17,6.75,10.0,7.33,8.67,6.67,7.42,7.17,6.83,7.17,75.17
Arabica,Mexico,2012,7.0,6.75,10.0,6.67,10.0,6.83,7.17,6.92,6.75,6.92,75.0
Arabica,Mexico,2012,7.08,6.42,10.0,8.67,8.67,6.75,7.0,7.0,6.58,6.75,74.92
Arabica,Mexico,2012,7.33,7.0,10.0,5.33,10.0,7.0,7.5,7.25,6.67,6.75,74.83
Arabica,Guatemala,2012,6.75,6.33,10.0,10.0,8.0,6.75,7.25,7.0,6.17,6.5,74.75
Arabica,Guatemala,2012,6.75,6.42,10.0,10.0,8.0,6.58,7.0,7.17,6.17,6.67,74.75
Arabica,Mexico,2013,7.08,6.75,10.0,7.33,8.0,6.83,7.33,7.5,6.83,7.0,74.67
Arabica,United States (Hawaii),2014,7.5,7.33,6.67,8.67,8.0,7.33,7.42,7.25,7.0,7.25,74.42
Arabica,Guatemala,2013,6.5,6.0,8.67,10.0,8.67,6.83,7.33,7.5,6.5,6.33,74.33
Arabica,Mexico,2012,7.0,6.67,10.0,6.67,10.0,6.83,7.08,6.83,6.67,6.58,74.33
Arabica,Mexico,2012,6.92,6.5,10.0,6.67,10.0,6.75,7.25,7.33,6.17,6.42,74.0
Arabica,Mexico,2012,7.67,7.08,10.0,2.67,10.0,7.33,7.33,7.58,7.17,7.0,73.83
Arabica,United States (Hawaii),2012,7.17,7.33,6.67,6.67,9.33,6.92,7.67,7.58,7.17,7.17,73.67
Arabica,Brazil,2016,7.25,6.67,10.0,8.0,8.0,6.42,7.0,7.0,6.58,6.58,73.5
Arabica,Honduras,2014,7.0,7.08,8.0,8.0,8.0,7.17,7.0,7.17,6.83,7.17,73.42
Arabica,Mexico,2014,7.08,6.92,8.0,8.0,8.0,6.92,6.92,7.08,6.92,7.08,72.92
Arabica,Colombia,2013,8.0,7.33,6.67,6.67,6.67,7.67,7.42,7.33,7.75,7.33,72.83
Arabica,United States (Hawaii),2014,6.92,6.92,9.33,6.67,6.67,7.17,7.58,7.5,6.92,6.92,72.58
Arabica,Haiti,2010,6.92,6.42,8.67,5.33,10.0,6.67,7.33,7.17,7.08,6.75,72.33
Arabica,Costa Rica,2014,6.33,6.25,10.0,6.67,10.0,6.5,6.33,6.83,6.33,6.5,71.75
Arabica,Mexico,2012,6.92,6.58,10.0,2.67,10.0,7.0,7.17,6.92,6.92,6.92,71.08
Arabica,Mexico,2012,6.5,6.42,10.0,6.0,8.0,6.5,7.33,7.17,6.42,6.67,71.0
Arabica,Mexico,2014,6.92,6.75,10.0,6.0,6.0,6.92,7.42,6.92,6.83,7.0,70.75
Arabica,Brazil,2017,7.0,6.67,10.0,6.0,6.0,6.83,7.33,7.0,6.83,7.0,70.67
Arabica,Honduras,2014,6.67,6.33,8.0,8.0,8.0,6.17,6.83,6.67,6.17,6.5,69.33
Arabica,Honduras,2014,7.0,6.5,8.0,8.0,8.0,6.17,6.5,6.67,6.17,6.17,69.17
Arabica,Honduras,2014,7.0,6.33,8.0,8.0,8.0,6.17,6.67,6.5,6.17,6.33,69.17
Arabica,Mexico,2012,7.08,6.75,10.0,0.0,10.0,6.75,7.25,7.42,6.25,6.83,68.33
Arabica,Haiti,2012,6.75,6.42,6.0,6.0,9.33,6.67,7.08,6.67,6.42,6.58,67.92
Arabica,Nicaragua,2016,7.25,6.17,6.0,6.0,6.0,6.08,6.42,6.25,6.33,6.58,63.08
Arabica,Guatemala,2012,7.5,6.67,1.33,1.33,8.0,6.67,7.33,7.67,6.67,6.67,59.83
Arabica,Honduras,2017,0.0,0.0,0.0,0.0,0.0,0.0,0.0,0.0,0.0,0.0,0.0
Robusta,Uganda,2013,7.83,8.0,8.0,10.0,10.0,7.92,8.25,7.92,7.75,8.08,83.75
Robusta,India,2017,8.0,8.0,8.0,10.0,10.0,7.92,7.92,8.0,7.92,7.75,83.5
Robusta,India,2015,7.92,8.0,7.83,10.0,10.0,7.92,7.83,8.0,7.92,7.83,83.25
Robusta,Uganda,2013,8.0,8.08,7.75,10.0,10.0,7.75,7.83,7.75,7.92,7.92,83.0
Robusta,Uganda,2013,8.33,7.67,7.58,10.0,10.0,7.75,8.25,7.75,7.83,7.83,83.0
Robusta,India,2012,8.0,7.75,7.75,10.0,10.0,7.92,7.75,8.0,7.67,7.92,82.75
Robusta,India,2014,7.67,7.83,8.0,10.0,10.0,7.75,7.92,7.83,7.83,7.75,82.58
Robusta,India,2017,7.67,7.92,7.92,10.0,10.0,7.83,7.92,7.67,7.83,7.75,82.5
Robusta,India,2015,7.67,7.92,7.92,10.0,10.0,8.0,7.83,7.83,7.58,7.75,82.5
Robusta,Uganda,2014,7.67,7.83,7.75,10.0,10.0,7.75,7.92,7.83,7.83,7.83,82.42
Robusta,Uganda,2014,7.58,7.83,7.67,10.0,10.0,7.67,7.5,7.83,7.75,7.92,81.75
Robusta,India,2015,7.67,7.75,7.75,10.0,10.0,7.58,7.75,7.5,7.75,7.83,81.58
Robusta,India,2014,7.58,8.33,7.5,10.0,10.0,7.67,7.67,7.58,7.67,7.58,81.58
Robusta,Uganda,2013,8.0,7.67,7.58,10.0,10.0,7.5,7.67,7.58,7.75,7.75,81.5
Robusta,Uganda,2014,8.0,7.75,7.58,10.0,10.0,7.58,7.67,7.5,7.75,7.67,81.5
Robusta,India,2015,7.75,7.83,7.58,10.0,10.0,7.58,7.58,7.67,7.67,7.75,81.42
Robusta,India,2013,7.5,7.83,7.83,10.0,10.0,7.83,7.67,7.83,7.25,7.5,81.25
Robusta,Uganda,2013,7.33,7.58,7.75,10.0,10.0,7.67,7.75,7.75,7.5,7.58,80.92
Robusta,Uganda,2013,7.83,7.42,7.75,10.0,10.0,7.5,7.5,7.67,7.33,7.58,80.58
Robusta,Uganda,2013,7.75,7.5,7.67,10.0,10.0,7.58,7.67,7.58,7.33,7.42,80.5
Robusta,India,2014,7.67,7.5,7.42,10.0,10.0,7.5,7.58,7.33,7.5,7.67,80.17
Robusta,India,2013,7.58,7.58,7.42,10.0,10.0,7.5,7.42,7.83,7.42,7.42,80.17
Robusta,United States,2012,7.92,7.33,7.58,10.0,9.33,7.42,7.42,7.42,7.42,7.5,79.33
Robusta,Ecuador,2016,7.75,7.83,7.75,10.0,10.0,7.83,5.08,7.58,7.33,7.58,78.75
Robusta,Ecuador,2016,7.5,8.58,8.42,10.0,10.0,5.25,5.17,7.75,7.75,7.67,78.08
Robusta,United States,2014,7.33,7.17,7.42,9.33,9.33,7.17,7.5,7.42,7.17,7.33,77.17
Robusta,India,2013,7.42,6.92,7.08,9.33,9.33,7.0,7.25,7.17,6.75,6.83,75.08
Robusta,Vietnam,2013,6.75,7.92,6.67,9.33,9.33,6.83,6.92,6.83,6.5,6.67,73.75
